Gender,Age,HeadCircumference,ShoulderWidth,ChestWidth,Belly,Waist,Hips,ArmLength,ShoulderToWaist,WaistToKnee,LegLength,TotalHeight,Size,Weight,Fit
1.0,30,55.88,45.72,50.8,45.72,35.56,55.88,55.88,63.5,63.5,55.88,132.08,S,54.86,Regular
1.0,28,48.26,55.88,43.18,45.72,53.34,63.5,71.12,58.42,63.5,50.8,142.24,S,55.87,Regular
2.0,27,53.34,45.72,40.64,35.56,25.4,38.1,53.34,45.72,35.56,45.72,134.62,M,57.96,Regular
1.0,29,50.8,50.8,45.72,27.94,48.26,35.56,60.96,53.34,50.8,53.34,114.3,M,60.01,Regular
2.0,28,40.64,35.56,45.72,33.02,27.94,76.2,63.5,55.88,81.28,33.02,119.38,M,58.52,Regular
2.0,22,43.18,48.26,45.72,35.56,40.64,45.72,50.8,60.96,53.34,48.26,152.4,XXS,50.92,Slim
2.0,18,63.5,43.18,40.64,43.18,30.48,71.12,58.42,63.5,35.56,45.72,124.46,M,56.48,Regular
2.0,26,45.72,38.1,48.26,43.18,58.42,68.58,48.26,48.26,48.26,48.26,147.32,M,48.5,Regular
1.0,23,40.64,40.64,50.8,45.72,55.88,45.72,38.1,66.04,50.8,48.26,101.6,M,65.08,Regular
1.0,31,38.1,50.8,71.12,45.72,231.14,43.18,40.64,53.34,53.34,48.26,139.7,XL,58.65,Loose
1.0,29,40.64,71.12,43.18,38.1,53.34,76.2,43.18,63.5,45.72,43.18,127.0,M,60.01,Regular
1.0,35,58.42,53.34,45.72,30.48,45.72,68.58,45.72,43.18,48.26,50.8,124.46,XXXL,62.65,Loose
2.0,29,53.34,48.26,43.18,43.18,50.8,53.34,50.8,50.8,45.72,55.88,149.86,S,51.29,Regular
1.0,30,48.26,43.18,45.72,45.72,60.96,71.12,58.42,55.88,43.18,60.96,119.38,S,54.86,Regular
2.0,20,60.96,53.34,43.18,40.64,45.72,48.26,48.26,68.58,43.18,48.26,129.54,S,58.49,Regular
2.0,27,48.26,38.1,50.8,27.94,50.8,45.72,48.26,71.12,43.18,45.72,144.78,S,53.5,Regular
2.0,24,40.64,50.8,40.64,22.86,63.5,55.88,48.26,48.26,63.5,38.1,152.4,S,55.45,Regular
1.0,30,53.34,45.72,53.34,30.48,48.26,53.34,38.1,50.8,53.34,50.8,149.86,S,51.89,Regular
1.0,35,50.8,40.64,71.12,45.72,43.18,58.42,40.64,68.58,58.42,22.86,121.92,XXXL,62.65,Loose
1.0,29,45.72,38.1,45.72,38.1,45.72,60.96,50.8,63.5,43.18,33.02,106.68,M,60.01,Regular
1.0,35,63.5,45.72,45.72,38.1,48.26,48.26,58.42,48.26,45.72,53.34,124.46,XXXL,62.65,Loose
2.0,29,203.2,48.26,40.64,43.18,50.8,50.8,60.96,55.88,48.26,50.8,111.76,M,60.01,Regular
2.0,27,53.34,53.34,40.64,45.72,55.88,76.2,38.1,50.8,63.5,22.86,114.3,M,57.96,Regular
1.0,26,40.64,55.88,43.18,35.56,60.96,48.26,55.88,45.72,53.34,33.02,137.16,M,57.43,Regular
2.0,24,38.1,48.26,43.18,38.1,40.64,50.8,45.72,66.04,53.34,53.34,144.78,XXXL,66.03,Loose
1.0,20,40.64,40.64,45.72,43.18,38.1,53.34,48.26,48.26,53.34,50.8,152.4,XXS,52.72,Slim
1.0,30,50.8,43.18,43.18,48.26,45.72,58.42,38.1,43.18,53.34,45.72,144.78,XXS,42.74,Slim
1.0,35,43.18,45.72,45.72,25.4,43.18,60.96,50.8,71.12,50.8,53.34,147.32,S,50.8,Regular
1.0,31,48.26,38.1,50.8,35.56,55.88,53.34,63.5,68.58,58.42,48.26,114.3,M,61.12,Regular
1.0,20,71.12,35.56,50.8,45.72,48.26,76.2,60.96,63.5,50.8,50.8,129.54,S,58.49,Regular
1.0,24,73.66,50.8,45.72,43.18,45.72,88.9,50.8,50.8,40.64,76.2,78.74,M,56.61,Regular
2.0,27,43.18,55.88,40.64,30.48,45.72,76.2,43.18,68.58,27.94,78.74,76.2,M,57.96,Regular
1.0,29,48.26,50.8,50.8,35.56,45.72,53.34,50.8,71.12,30.48,53.34,83.82,M,60.01,Regular
1.0,27,60.96,48.26,40.64,38.1,48.26,53.34,43.18,60.96,30.48,71.12,152.4,XXS,52.58,Slim
2.0,18,38.1,53.34,40.64,38.1,50.8,53.34,45.72,43.18,30.48,99.06,114.3,M,56.48,Regular
2.0,19,35.56,55.88,45.72,43.18,33.02,50.8,48.26,45.72,33.02,68.58,119.38,M,56.13,Regular
2.0,20,48.26,48.26,45.72,45.72,27.94,58.42,50.8,48.26,35.56,71.12,121.92,S,58.49,Regular
2.0,24,43.18,53.34,48.26,45.72,27.94,60.96,48.26,50.8,45.72,55.88,101.6,M,56.61,Regular
1.0,22,45.72,40.64,40.64,48.26,30.48,71.12,48.26,53.34,45.72,53.34,121.92,M,65.2,Regular
1.0,24,50.8,43.18,43.18,48.26,33.02,50.8,48.26,40.64,43.18,50.8,121.92,M,56.61,Regular
2.0,25,55.88,43.18,43.18,30.48,33.02,71.12,45.72,48.26,43.18,68.58,152.4,XXS,52.54,Slim
1.0,21,58.42,43.18,43.18,30.48,45.72,50.8,50.8,45.72,45.72,43.18,139.7,S,59.31,Regular
1.0,25,55.88,43.18,55.88,25.4,45.72,53.34,58.42,43.18,40.64,45.72,129.54,M,57.49,Regular
1.0,22,50.8,45.72,55.88,27.94,35.56,58.42,55.88,43.18,45.72,48.26,132.08,M,65.2,Regular
2.0,21,48.26,50.8,50.8,27.94,35.56,48.26,50.8,43.18,45.72,76.2,134.62,M,61.37,Regular
2.0,19,48.26,50.8,53.34,33.02,35.56,45.72,53.34,45.72,43.18,50.8,149.86,XXS,46.14,Slim
2.0,17,48.26,53.34,50.8,33.02,33.02,48.26,50.8,45.72,45.72,71.12,127.0,M,57.28,Regular
1.0,18,68.58,40.64,40.64,35.56,38.1,45.72,48.26,48.26,50.8,68.58,127.0,M,56.48,Regular
1.0,25,66.04,40.64,35.56,48.26,40.64,48.26,48.26,50.8,53.34,53.34,99.06,M,57.49,Regular
2.0,30,66.04,35.56,38.1,45.72,43.18,50.8,45.72,50.8,43.18,53.34,144.78,XXS,42.74,Slim
2.0,29,48.26,48.26,25.4,40.64,50.8,48.26,53.34,43.18,45.72,55.88,111.76,M,60.01,Regular
2.0,28,50.8,45.72,40.64,45.72,53.34,76.2,53.34,43.18,45.72,58.42,119.38,M,58.52,Regular
1.0,30,55.88,38.1,40.64,40.64,53.34,48.26,45.72,45.72,43.18,58.42,144.78,XXS,42.74,Slim
1.0,25,48.26,53.34,40.64,48.26,58.42,45.72,48.26,66.04,48.26,35.56,147.32,XXS,46.96,Slim
1.0,30,45.72,50.8,43.18,35.56,50.8,43.18,48.26,68.58,40.64,45.72,149.86,S,51.89,Regular
2.0,18,43.18,53.34,45.72,40.64,50.8,43.18,50.8,66.04,43.18,43.18,129.54,M,56.48,Regular
2.0,19,43.18,45.72,50.8,48.26,38.1,43.18,50.8,43.18,35.56,48.26,149.86,XXS,46.14,Slim
1.0,28,50.8,50.8,45.72,48.26,27.94,45.72,43.18,38.1,27.94,50.8,132.08,M,58.52,Regular
2.0,17,53.34,48.26,35.56,33.02,38.1,40.64,43.18,53.34,55.88,96.52,152.4,M,55.63,Regular
1.0,6,43.18,22.86,20.32,20.32,25.4,25.4,27.94,20.32,43.18,48.26,63.5,M,58.3,Regular
1.0,8,48.26,38.1,33.02,22.86,38.1,38.1,53.34,60.96,43.18,78.74,127.0,M,58.3,Regular
1.0,24,53.34,43.18,27.94,20.32,50.8,22.86,63.5,53.34,45.72,93.98,152.4,S,55.45,Regular
2.0,54,66.04,45.72,33.02,27.94,58.42,40.64,58.42,68.58,55.88,116.84,182.88,XXXL,83.49,Loose
1.0,16,40.64,33.02,43.18,33.02,48.26,40.64,43.18,45.72,45.72,93.98,86.36,M,61.78,Regular
2.0,24,60.96,53.34,38.1,30.48,40.64,43.18,60.96,53.34,48.26,86.36,96.52,M,56.61,Regular
1.0,15,48.26,38.1,17.78,20.32,33.02,38.1,43.18,50.8,53.34,93.98,129.54,M,58.3,Regular
1.0,4,45.72,33.02,38.1,30.48,38.1,38.1,40.64,48.26,33.02,66.04,109.22,M,58.3,Regular
1.0,21,55.88,40.64,40.64,20.32,22.86,27.94,35.56,50.8,53.34,76.2,127.0,M,61.37,Regular
1.0,38,50.8,43.18,53.34,35.56,33.02,40.64,55.88,68.58,53.34,104.14,119.38,M,51.46,Regular
1.0,49,58.42,40.64,35.56,27.94,35.56,35.56,50.8,55.88,58.42,83.82,132.08,M,55.96,Regular
2.0,22,60.96,45.72,53.34,48.26,53.34,58.42,58.42,68.58,53.34,71.12,149.86,XXS,48.9,Slim
1.0,3,38.1,17.78,17.78,15.24,17.78,25.4,25.4,27.94,20.32,43.18,58.42,M,58.3,Regular
1.0,12,48.26,40.64,38.1,33.02,50.8,40.64,60.96,99.06,53.34,106.68,157.48,XXS,50.64,Slim
2.0,18,55.88,45.72,45.72,38.1,43.18,50.8,53.34,66.04,55.88,48.26,96.52,M,56.48,Regular
1.0,37,63.5,48.26,43.18,55.88,43.18,55.88,48.26,68.58,50.8,68.58,119.38,S,52.52,Regular
1.0,21,43.18,35.56,43.18,38.1,48.26,40.64,55.88,63.5,53.34,104.14,127.0,M,61.37,Regular
1.0,16,58.42,38.1,33.02,25.4,33.02,33.02,50.8,55.88,40.64,76.2,142.24,XXXL,59.48,Loose
1.0,19,50.8,45.72,27.94,22.86,50.8,35.56,53.34,22.86,48.26,104.14,139.7,XL,53.68,Loose
2.0,32,40.64,17.78,20.32,20.32,17.78,20.32,25.4,60.96,20.32,45.72,60.96,M,61.87,Regular
2.0,3,53.34,48.26,25.4,25.4,55.88,25.4,58.42,60.96,48.26,93.98,152.4,XXXL,68.33,Loose
1.0,42,60.96,38.1,33.02,22.86,25.4,40.64,53.34,25.4,50.8,91.44,154.94,S,55.08,Regular
1.0,2,38.1,17.78,27.94,20.32,17.78,38.1,17.78,55.88,17.78,40.64,60.96,M,58.3,Regular
1.0,50,50.8,45.72,17.78,20.32,25.4,58.42,48.26,50.8,60.96,86.36,96.52,M,56.07,Regular
1.0,37,53.34,48.26,30.48,40.64,45.72,35.56,66.04,58.42,66.04,73.66,93.98,S,52.52,Regular
1.0,20,60.96,33.02,45.72,53.34,53.34,60.96,63.5,48.26,48.26,124.46,190.5,XXXL,79.21,Loose
2.0,7,43.18,27.94,38.1,30.48,33.02,40.64,38.1,55.88,33.02,66.04,101.6,M,58.3,Regular
1.0,17,48.26,25.4,38.1,33.02,38.1,43.18,53.34,55.88,48.26,83.82,119.38,M,57.28,Regular
1.0,24,50.8,45.72,30.48,27.94,55.88,33.02,55.88,63.5,50.8,101.6,144.78,XXXL,66.03,Loose
1.0,3,40.64,20.32,17.78,17.78,20.32,22.86,22.86,25.4,22.86,45.72,58.42,M,58.3,Regular
1.0,34,50.8,45.72,25.4,22.86,53.34,25.4,60.96,55.88,48.26,96.52,149.86,XXS,53.66,Slim
2.0,24,55.88,40.64,30.48,25.4,27.94,35.56,58.42,63.5,48.26,96.52,152.4,S,55.45,Regular
1.0,21,45.72,35.56,22.86,22.86,25.4,27.94,50.8,58.42,38.1,76.2,134.62,M,61.37,Regular
1.0,6,50.8,45.72,30.48,27.94,33.02,27.94,55.88,63.5,50.8,101.6,154.94,S,59.7,Regular
1.0,31,40.64,35.56,30.48,25.4,33.02,48.26,38.1,50.8,27.94,55.88,83.82,M,61.12,Regular
1.0,4,50.8,40.64,30.48,25.4,35.56,35.56,50.8,63.5,45.72,81.28,129.54,M,58.3,Regular
1.0,7,66.04,48.26,35.56,30.48,58.42,40.64,60.96,71.12,58.42,116.84,185.42,XXXL,72.6,Loose
1.0,54,50.8,43.18,35.56,33.02,35.56,38.1,55.88,66.04,53.34,106.68,157.48,S,56.28,Regular
1.0,19,50.8,40.64,20.32,22.86,35.56,40.64,45.72,53.34,55.88,96.52,132.08,M,56.13,Regular
2.0,15,58.42,40.64,35.56,27.94,35.56,35.56,53.34,58.42,43.18,83.82,142.24,XXS,56.0,Slim
1.0,24,55.88,43.18,30.48,33.02,55.88,30.48,58.42,68.58,50.8,116.84,157.48,S,55.88,Regular
1.0,32,50.8,43.18,45.72,22.86,40.64,20.32,58.42,33.02,50.8,76.2,101.6,M,61.87,Regular
1.0,16,40.64,20.32,30.48,20.32,17.78,25.4,27.94,27.94,20.32,43.18,58.42,M,61.78,Regular
2.0,2,50.8,48.26,33.02,30.48,40.64,43.18,17.78,68.58,48.26,99.06,109.22,M,58.3,Regular
1.0,28,55.88,48.26,50.8,45.72,50.8,58.42,60.96,68.58,48.26,99.06,96.52,M,58.52,Regular
1.0,22,50.8,33.02,25.4,20.32,25.4,30.48,58.42,48.26,50.8,86.36,190.5,XXXL,81.56,Loose
1.0,8,58.42,50.8,40.64,38.1,35.56,40.64,33.02,68.58,58.42,114.3,134.62,M,58.3,Regular
1.0,36,58.42,40.64,27.94,25.4,35.56,35.56,63.5,63.5,50.8,99.06,134.62,S,54.41,Regular
2.0,21,58.42,40.64,53.34,35.56,50.8,43.18,55.88,55.88,53.34,76.2,109.22,M,61.37,Regular
1.0,32,43.18,35.56,45.72,35.56,50.8,43.18,50.8,48.26,48.26,99.06,86.36,M,61.87,Regular
1.0,16,53.34,45.72,45.72,35.56,45.72,48.26,45.72,66.04,55.88,101.6,116.84,M,61.78,Regular
1.0,17,48.26,30.48,43.18,33.02,40.64,45.72,58.42,58.42,50.8,96.52,106.68,M,57.28,Regular
1.0,18,58.42,50.8,35.56,33.02,43.18,40.64,50.8,71.12,50.8,101.6,121.92,M,56.48,Regular
1.0,24,55.88,43.18,55.88,33.02,55.88,48.26,58.42,50.8,50.8,68.58,119.38,M,56.61,Regular
1.0,32,63.5,48.26,58.42,45.72,58.42,50.8,55.88,58.42,58.42,73.66,142.24,S,58.42,Regular
1.0,42,60.96,45.72,53.34,50.8,55.88,60.96,66.04,71.12,45.72,96.52,149.86,XXXL,60.93,Loose
1.0,4,45.72,30.48,35.56,33.02,35.56,38.1,40.64,45.72,35.56,63.5,106.68,M,58.3,Regular
2.0,19,48.26,45.72,38.1,541.02,35.56,43.18,40.64,50.8,58.42,91.44,152.4,XXXL,56.94,Loose
1.0,20,45.72,48.26,40.64,30.48,38.1,40.64,38.1,45.72,63.5,96.52,149.86,S,50.53,Regular
1.0,21,40.64,55.88,50.8,58.42,35.56,48.26,40.64,43.18,66.04,73.66,157.48,XXS,53.98,Slim
1.0,17,43.18,43.18,53.34,38.1,33.02,27.94,35.56,45.72,68.58,86.36,104.14,M,57.28,Regular
1.0,16,55.88,40.64,25.4,43.18,25.4,33.02,55.88,43.18,53.34,86.36,144.78,XL,58.89,Loose
2.0,24,53.34,35.56,22.86,25.4,43.18,50.8,40.64,45.72,50.8,93.98,124.46,M,56.61,Regular
2.0,18,43.18,48.26,20.32,27.94,35.56,48.26,35.56,50.8,53.34,76.2,160.02,M,55.35,Regular
1.0,37,48.26,50.8,33.02,45.72,45.72,45.72,40.64,53.34,48.26,58.42,124.46,S,52.52,Regular
2.0,50,40.64,58.42,45.72,30.48,127.0,35.56,55.88,30.48,45.72,73.66,111.76,M,56.07,Regular
2.0,42,35.56,25.4,30.48,22.86,124.46,43.18,50.8,63.5,43.18,33.02,137.16,S,55.02,Regular
1.0,40,30.48,35.56,27.94,45.72,91.44,43.18,53.34,58.42,40.64,68.58,162.56,M,60.29,Regular
1.0,35,38.1,48.26,40.64,25.4,66.04,40.64,48.26,60.96,55.88,71.12,175.26,XL,68.09,Loose
1.0,29,33.02,45.72,43.18,58.42,48.26,33.02,50.8,53.34,48.26,76.2,170.18,M,63.25,Regular
1.0,55,45.72,43.18,38.1,60.96,152.4,35.56,35.56,50.8,58.42,73.66,144.78,M,57.45,Regular
2.0,25,55.88,35.56,27.94,35.56,25.4,48.26,38.1,48.26,53.34,78.74,172.72,XL,65.94,Loose
2.0,33,63.5,40.64,30.48,33.02,50.8,33.02,53.34,43.18,50.8,73.66,175.26,M,67.79,Regular
1.0,39,40.64,38.1,35.56,35.56,53.34,48.26,38.1,43.18,55.88,60.96,121.92,M,52.9,Regular
1.0,17,58.42,50.8,25.4,22.86,45.72,50.8,40.64,40.64,48.26,50.8,147.32,XXS,44.8,Slim
1.0,22,38.1,48.26,27.94,40.64,48.26,53.34,30.48,45.72,45.72,53.34,152.4,XXS,50.92,Slim
1.0,25,33.02,55.88,35.56,30.48,50.8,55.88,53.34,48.26,48.26,55.88,144.78,XL,59.2,Loose
1.0,32,27.94,27.94,48.26,35.56,53.34,53.34,38.1,53.34,55.88,76.2,121.92,M,61.87,Regular
2.0,39,60.96,25.4,27.94,45.72,53.34,48.26,50.8,58.42,50.8,73.66,124.46,M,52.9,Regular
1.0,49,40.64,25.4,40.64,50.8,25.4,35.56,40.64,53.34,53.34,63.5,137.16,M,55.96,Regular
2.0,26,33.02,35.56,33.02,27.94,43.18,43.18,48.26,50.8,76.2,76.2,119.38,M,57.43,Regular
2.0,44,25.4,40.64,25.4,48.26,78.74,40.64,50.8,48.26,50.8,73.66,167.64,XL,65.04,Loose
1.0,25,22.86,43.18,17.78,25.4,73.66,35.56,43.18,45.72,45.72,48.26,124.46,M,57.49,Regular
1.0,15,35.56,45.72,22.86,22.86,30.48,38.1,48.26,50.8,53.34,50.8,137.16,M,58.3,Regular
2.0,50,53.34,48.26,25.4,50.8,132.08,91.44,101.6,91.44,76.2,73.66,119.38,M,56.07,Regular
2.0,42,53.34,30.48,27.94,48.26,101.6,111.76,104.14,83.82,73.66,76.2,101.6,S,55.02,Regular
1.0,20,55.88,45.72,43.18,38.1,35.56,38.1,60.96,55.88,53.34,53.34,139.7,S,56.49,Regular
1.0,31,45.72,48.26,50.8,38.1,53.34,55.88,55.88,48.26,50.8,33.02,132.08,M,61.12,Regular
1.0,19,43.18,35.56,40.64,22.86,22.86,35.56,58.42,63.5,33.02,50.8,81.28,M,56.13,Regular
2.0,24,48.26,50.8,53.34,25.4,25.4,76.2,45.72,38.1,48.26,22.86,88.9,M,56.61,Regular
2.0,27,58.42,40.64,43.18,30.48,27.94,45.72,38.1,53.34,50.8,38.1,142.24,S,55.73,Regular
2.0,29,63.5,45.72,48.26,35.56,30.48,48.26,48.26,55.88,63.5,50.8,127.0,M,60.01,Regular
2.0,30,50.8,50.8,45.72,40.64,40.64,50.8,63.5,58.42,38.1,45.72,114.3,S,54.86,Regular
1.0,31,40.64,45.72,45.72,45.72,58.42,45.72,58.42,55.88,50.8,45.72,114.3,M,61.12,Regular
2.0,28,40.64,48.26,40.64,30.48,60.96,43.18,60.96,60.96,35.56,48.26,129.54,M,58.52,Regular
1.0,23,45.72,43.18,45.72,27.94,48.26,35.56,50.8,66.04,53.34,60.96,121.92,M,65.08,Regular
2.0,29,38.1,50.8,48.26,40.64,53.34,45.72,48.26,50.8,55.88,55.88,109.22,M,60.01,Regular
1.0,35,43.18,45.72,50.8,38.1,45.72,48.26,53.34,53.34,35.56,58.42,132.08,XXXL,62.65,Loose
1.0,18,63.5,45.72,53.34,43.18,50.8,50.8,58.42,63.5,58.42,66.04,99.06,M,56.48,Regular
1.0,20,58.42,55.88,50.8,30.48,53.34,53.34,60.96,55.88,55.88,68.58,114.3,S,58.49,Regular
1.0,35,48.26,45.72,45.72,48.26,45.72,55.88,43.18,48.26,50.8,53.34,121.92,XXXL,62.65,Loose
1.0,32,45.72,40.64,50.8,40.64,50.8,45.72,55.88,50.8,48.26,48.26,78.74,M,61.87,Regular
1.0,31,50.8,53.34,45.72,43.18,53.34,48.26,45.72,45.72,45.72,48.26,152.4,XXS,55.17,Slim
2.0,20,53.34,45.72,48.26,35.56,45.72,43.18,48.26,43.18,43.18,48.26,127.0,S,58.49,Regular
2.0,19,60.96,53.34,50.8,25.4,45.72,50.8,50.8,35.56,60.96,40.64,124.46,M,56.13,Regular
1.0,18,48.26,45.72,40.64,48.26,48.26,53.34,58.42,58.42,55.88,50.8,83.82,M,56.48,Regular
2.0,24,50.8,53.34,45.72,38.1,73.66,55.88,60.96,71.12,53.34,55.88,99.06,M,56.61,Regular
2.0,22,50.8,48.26,48.26,35.56,55.88,50.8,58.42,68.58,50.8,53.34,119.38,M,65.2,Regular
1.0,21,60.96,50.8,45.72,33.02,35.56,45.72,53.34,48.26,50.8,50.8,134.62,M,61.37,Regular
2.0,26,43.18,40.64,45.72,25.4,43.18,43.18,43.18,50.8,45.72,48.26,104.14,M,57.43,Regular
1.0,18,45.72,38.1,43.18,27.94,40.64,38.1,50.8,53.34,40.64,53.34,132.08,M,56.48,Regular
1.0,27,48.26,40.64,43.18,33.02,48.26,35.56,63.5,63.5,48.26,50.8,121.92,M,57.96,Regular
1.0,29,53.34,50.8,45.72,30.48,50.8,50.8,48.26,50.8,50.8,48.26,129.54,M,60.01,Regular
1.0,30,53.34,45.72,45.72,30.48,48.26,48.26,50.8,55.88,53.34,45.72,101.6,S,54.86,Regular
1.0,20,50.8,53.34,50.8,43.18,50.8,45.72,60.96,48.26,55.88,53.34,139.7,S,56.49,Regular
1.0,5,45.72,33.02,35.56,33.02,33.02,30.48,30.48,40.64,22.86,48.26,76.2,M,58.3,Regular
2.0,25,55.88,43.18,50.8,40.64,50.8,50.8,50.8,50.8,48.26,76.2,127.0,M,57.49,Regular
2.0,3,48.26,25.4,35.56,38.1,20.32,17.78,17.78,30.48,15.24,40.64,50.8,M,58.3,Regular
2.0,7,53.34,35.56,38.1,53.34,35.56,30.48,30.48,40.64,27.94,63.5,76.2,M,58.3,Regular
1.0,50,60.96,53.34,48.26,33.02,68.58,76.2,50.8,53.34,48.26,76.2,127.0,M,56.07,Regular
1.0,16,48.26,40.64,40.64,53.34,38.1,40.64,50.8,50.8,50.8,101.6,132.08,M,61.78,Regular
1.0,5,55.88,30.48,27.94,35.56,15.24,20.32,27.94,27.94,45.72,40.64,78.74,M,58.3,Regular
1.0,20,43.18,45.72,40.64,27.94,50.8,50.8,50.8,53.34,40.64,81.28,132.08,S,58.49,Regular
1.0,4,53.34,25.4,30.48,40.64,20.32,17.78,167.64,17.78,20.32,43.18,53.34,M,58.3,Regular
1.0,23,55.88,38.1,22.86,20.32,50.8,25.4,167.64,50.8,38.1,78.74,129.54,M,65.08,Regular
1.0,17,45.72,40.64,20.32,17.78,17.78,27.94,53.34,53.34,40.64,81.28,132.08,M,57.28,Regular
1.0,13,40.64,40.64,17.78,22.86,25.4,35.56,55.88,50.8,43.18,78.74,101.6,M,58.3,Regular
2.0,18,48.26,43.18,25.4,15.24,22.86,27.94,48.26,55.88,30.48,68.58,116.84,M,56.48,Regular
2.0,2,53.34,15.24,15.24,17.78,27.94,17.78,40.64,17.78,20.32,43.18,53.34,M,58.3,Regular
2.0,3,58.42,27.94,20.32,12.7,22.86,17.78,17.78,27.94,17.78,43.18,76.2,M,58.3,Regular
2.0,7,53.34,33.02,25.4,15.24,17.78,30.48,20.32,53.34,25.4,63.5,91.44,M,58.3,Regular
2.0,14,55.88,40.64,17.78,22.86,22.86,25.4,50.8,50.8,25.4,76.2,109.22,M,58.3,Regular
1.0,20,48.26,43.18,17.78,27.94,25.4,25.4,53.34,45.72,40.64,91.44,116.84,S,58.49,Regular
1.0,31,60.96,43.18,25.4,22.86,27.94,25.4,55.88,45.72,50.8,101.6,116.84,M,61.12,Regular
1.0,12,53.34,40.64,22.86,15.24,27.94,25.4,43.18,58.42,43.18,81.28,142.24,XXS,56.0,Slim
1.0,6,55.88,25.4,20.32,22.86,25.4,25.4,53.34,53.34,33.02,58.42,104.14,M,58.3,Regular
1.0,3,45.72,48.26,25.4,25.4,15.24,30.48,53.34,50.8,30.48,76.2,88.9,M,58.3,Regular
1.0,27,63.5,50.8,27.94,27.94,25.4,35.56,50.8,53.34,48.26,86.36,101.6,M,57.96,Regular
1.0,26,58.42,43.18,30.48,30.48,27.94,30.48,50.8,40.64,43.18,76.2,132.08,M,57.43,Regular
1.0,36,53.34,38.1,33.02,27.94,17.78,33.02,53.34,43.18,50.8,106.68,106.68,S,54.41,Regular
1.0,31,53.34,40.64,27.94,25.4,15.24,27.94,55.88,50.8,48.26,99.06,177.8,XL,68.29,Loose
1.0,25,58.42,45.72,33.02,27.94,25.4,35.56,50.8,50.8,35.56,76.2,142.24,L,62.3,Loose
1.0,4,48.26,33.02,40.64,38.1,35.56,38.1,35.56,48.26,25.4,53.34,81.28,M,58.3,Regular
1.0,27,53.34,45.72,53.34,48.26,53.34,55.88,60.96,55.88,50.8,101.6,144.78,S,53.5,Regular
1.0,2,45.72,22.86,25.4,22.86,22.86,25.4,22.86,38.1,22.86,45.72,58.42,M,58.3,Regular
1.0,9,50.8,38.1,38.1,40.64,38.1,40.64,40.64,48.26,33.02,66.04,88.9,M,58.3,Regular
1.0,60,58.42,55.88,50.8,58.42,76.2,86.36,60.96,63.5,50.8,101.6,139.7,M,59.25,Regular
2.0,18,60.96,43.18,45.72,38.1,40.64,45.72,55.88,55.88,53.34,106.68,144.78,XL,52.02,Loose
2.0,4,45.72,35.56,30.48,25.4,22.86,25.4,30.48,30.48,22.86,45.72,81.28,M,58.3,Regular
1.0,22,68.58,43.18,50.8,45.72,53.34,55.88,58.42,55.88,48.26,99.06,139.7,M,63.89,Regular
2.0,2,45.72,22.86,33.02,22.86,22.86,25.4,20.32,25.4,22.86,45.72,58.42,M,58.3,Regular
1.0,24,50.8,25.4,25.4,22.86,53.34,27.94,58.42,53.34,48.26,96.52,134.62,M,56.61,Regular
1.0,19,53.34,43.18,22.86,25.4,22.86,30.48,60.96,55.88,50.8,101.6,142.24,S,52.48,Regular
1.0,15,48.26,43.18,20.32,20.32,27.94,38.1,50.8,50.8,50.8,101.6,127.0,M,58.3,Regular
2.0,19,53.34,45.72,27.94,22.86,25.4,33.02,50.8,58.42,38.1,76.2,121.92,M,56.13,Regular
2.0,3,43.18,20.32,17.78,17.78,25.4,22.86,22.86,25.4,22.86,45.72,58.42,M,58.3,Regular
1.0,4,48.26,30.48,22.86,20.32,27.94,22.86,25.4,30.48,25.4,50.8,81.28,M,58.3,Regular
1.0,8,50.8,30.48,27.94,22.86,20.32,33.02,48.26,53.34,38.1,76.2,101.6,M,58.3,Regular
1.0,16,55.88,43.18,22.86,22.86,25.4,30.48,53.34,58.42,45.72,81.28,119.38,M,61.78,Regular
1.0,21,60.96,45.72,25.4,25.4,33.02,33.02,55.88,60.96,48.26,96.52,127.0,M,61.37,Regular
1.0,32,58.42,45.72,27.94,30.48,30.48,30.48,60.96,66.04,53.34,106.68,152.4,XXS,53.36,Slim
1.0,14,50.8,43.18,25.4,25.4,27.94,30.48,53.34,60.96,48.26,96.52,109.22,M,58.3,Regular
1.0,7,50.8,40.64,25.4,20.32,30.48,30.48,45.72,50.8,35.56,71.12,96.52,M,58.3,Regular
1.0,4,45.72,25.4,27.94,25.4,25.4,25.4,50.8,53.34,40.64,81.28,104.14,M,58.3,Regular
1.0,29,55.88,45.72,30.48,27.94,30.48,38.1,58.42,66.04,53.34,106.68,137.16,M,60.01,Regular
1.0,28,50.8,45.72,35.56,30.48,25.4,40.64,58.42,63.5,50.8,101.6,116.84,M,58.52,Regular
1.0,35,55.88,48.26,38.1,35.56,35.56,38.1,60.96,66.04,55.88,111.76,182.88,XXXL,71.43,Loose
1.0,30,55.88,45.72,30.48,33.02,38.1,38.1,58.42,63.5,53.34,106.68,162.56,M,60.08,Regular
2.0,24,60.96,43.18,38.1,30.48,33.02,38.1,55.88,60.96,40.64,81.28,144.78,XXXL,66.03,Loose
1.0,30,58.42,45.72,30.48,73.66,81.28,40.64,55.88,50.8,53.34,50.8,162.56,M,60.08,Regular
2.0,3,45.72,27.94,25.4,55.88,93.98,58.42,33.02,25.4,25.4,43.18,55.88,M,58.3,Regular
1.0,20,55.88,45.72,40.64,76.2,93.98,71.12,63.5,48.26,55.88,101.6,116.84,S,58.49,Regular
1.0,34,58.42,50.8,43.18,86.36,104.14,60.96,63.5,45.72,55.88,101.6,149.86,XXS,53.66,Slim
1.0,35,60.96,53.34,45.72,93.98,71.12,60.96,58.42,43.18,58.42,99.06,144.78,XXS,49.58,Slim
1.0,12,50.8,35.56,30.48,68.58,83.82,68.58,45.72,35.56,35.56,73.66,144.78,XXS,55.41,Slim
1.0,30,58.42,45.72,38.1,73.66,66.04,50.8,58.42,55.88,55.88,104.14,162.56,M,60.08,Regular
1.0,15,50.8,35.56,27.94,58.42,58.42,38.1,48.26,43.18,35.56,76.2,127.0,M,58.3,Regular
1.0,18,48.26,45.72,38.1,71.12,86.36,71.12,63.5,60.96,58.42,99.06,203.2,XXXL,95.28,Loose
1.0,17,53.34,40.64,33.02,71.12,63.5,71.12,55.88,50.8,45.72,91.44,200.66,XXXL,95.28,Loose
1.0,10,53.34,35.56,22.86,63.5,106.68,66.04,43.18,43.18,45.72,66.04,180.34,M,63.39,Regular
1.0,25,68.58,50.8,43.18,93.98,106.68,71.12,58.42,50.8,43.18,93.98,152.4,XXS,52.54,Slim
1.0,32,63.5,48.26,40.64,93.98,91.44,20.32,58.42,58.42,50.8,96.52,60.96,M,61.87,Regular
1.0,34,55.88,48.26,43.18,81.28,96.52,60.96,60.96,63.5,48.26,91.44,149.86,XXS,53.66,Slim
1.0,37,60.96,50.8,45.72,91.44,96.52,93.98,58.42,50.8,58.42,99.06,172.72,XXXL,65.34,Loose
2.0,1,27.94,15.24,40.64,33.02,33.02,35.56,22.86,22.86,22.86,33.02,53.34,M,58.3,Regular
1.0,1,30.48,12.7,43.18,30.48,33.02,38.1,22.86,22.86,17.78,33.02,50.8,M,58.3,Regular
2.0,3,27.94,15.24,38.1,33.02,30.48,35.56,22.86,25.4,20.32,33.02,55.88,M,58.3,Regular
1.0,4,33.02,12.7,45.72,35.56,35.56,43.18,25.4,22.86,20.32,35.56,58.42,M,58.3,Regular
1.0,3,45.72,20.32,50.8,50.8,55.88,50.8,20.32,30.48,20.32,38.1,60.96,M,58.3,Regular
2.0,2,27.94,220.98,38.1,33.02,30.48,35.56,22.86,22.86,15.24,33.02,48.26,M,58.3,Regular
2.0,1,30.48,17.78,40.64,33.02,30.48,38.1,25.4,25.4,20.32,30.48,50.8,M,58.3,Regular
1.0,4,55.88,27.94,55.88,50.8,53.34,55.88,17.78,35.56,33.02,60.96,68.58,M,58.3,Regular
2.0,3,50.8,25.4,50.8,50.8,53.34,55.88,20.32,35.56,33.02,58.42,60.96,M,58.3,Regular
2.0,4,55.88,27.94,53.34,50.8,58.42,60.96,25.4,25.4,33.02,55.88,63.5,M,58.3,Regular
1.0,5,55.88,38.1,50.8,48.26,45.72,50.8,48.26,55.88,30.48,40.64,114.3,M,58.3,Regular
2.0,6,50.8,35.56,48.26,43.18,40.64,45.72,45.72,50.8,30.48,66.04,109.22,M,58.3,Regular
2.0,7,53.34,38.1,48.26,43.18,40.64,45.72,45.72,53.34,30.48,93.98,114.3,M,58.3,Regular
1.0,8,50.8,33.02,66.04,58.42,66.04,68.58,25.4,48.26,48.26,78.74,132.08,M,58.3,Regular
2.0,9,58.42,38.1,66.04,53.34,50.8,55.88,33.02,48.26,45.72,81.28,139.7,XXS,56.9,Slim
1.0,10,60.96,40.64,68.58,60.96,58.42,60.96,43.18,48.26,50.8,83.82,127.0,M,58.3,Regular
2.0,11,63.5,40.64,68.58,71.12,63.5,71.12,53.34,55.88,114.3,124.46,149.86,XXS,53.81,Slim
2.0,12,66.04,35.56,71.12,60.96,63.5,68.58,55.88,58.42,66.04,101.6,152.4,XXXL,68.33,Loose
1.0,13,71.12,48.26,68.58,58.42,60.96,68.58,53.34,58.42,66.04,101.6,157.48,XXS,50.64,Slim
2.0,19,73.66,48.26,78.74,71.12,71.12,71.12,76.2,66.04,76.2,116.84,172.72,M,61.56,Regular
1.0,20,66.04,43.18,71.12,53.34,66.04,71.12,68.58,66.04,73.66,101.6,170.18,M,61.38,Regular
1.0,21,71.12,45.72,71.12,58.42,63.5,68.58,53.34,68.58,73.66,109.22,175.26,L,66.66,Loose
2.0,22,50.8,71.12,48.26,71.12,55.88,66.04,71.12,68.58,66.04,101.6,172.72,S,63.63,Regular
2.0,23,50.8,45.72,71.12,58.42,63.5,66.04,63.5,71.12,71.12,104.14,175.26,M,63.85,Regular
1.0,24,71.12,45.72,71.12,58.42,60.96,66.04,71.12,68.58,68.58,106.68,182.88,XL,72.37,Loose
2.0,25,66.04,50.8,93.98,71.12,66.04,68.58,71.12,71.12,68.58,106.68,187.96,XXXL,95.57,Loose
1.0,26,66.04,50.8,96.52,68.58,71.12,68.58,68.58,66.04,63.5,101.6,215.9,XXXL,95.56,Loose
1.0,27,71.12,50.8,78.74,76.2,81.28,96.52,76.2,71.12,68.58,104.14,218.44,XXXL,94.61,Loose
2.0,20,73.66,50.8,81.28,71.12,81.28,81.28,71.12,73.66,73.66,106.68,226.06,XXXL,95.28,Loose
1.0,1,27.94,15.24,38.1,33.02,30.48,35.56,22.86,22.86,15.24,33.02,48.26,M,58.3,Regular
2.0,1,27.94,12.7,40.64,33.02,33.02,38.1,22.86,22.86,15.24,33.02,50.8,M,58.3,Regular
1.0,4,50.8,22.86,55.88,53.34,53.34,50.8,17.78,35.56,33.02,55.88,96.52,M,58.3,Regular
2.0,4,55.88,27.94,58.42,55.88,60.96,60.96,20.32,43.18,38.1,66.04,111.76,M,58.3,Regular
1.0,1,48.26,22.86,53.34,50.8,55.88,50.8,15.24,33.02,22.86,40.64,78.74,M,58.3,Regular
1.0,3,45.72,22.86,55.88,53.34,55.88,50.8,17.78,33.02,22.86,40.64,50.8,M,58.3,Regular
1.0,3,45.72,20.32,50.8,50.8,55.88,50.8,20.32,30.48,20.32,38.1,60.96,M,58.3,Regular
2.0,1,30.48,17.78,40.64,33.02,30.48,35.56,25.4,25.4,22.86,33.02,63.5,M,58.3,Regular
2.0,3,50.8,25.4,50.8,53.34,58.42,53.34,27.94,25.4,22.86,43.18,48.26,M,58.3,Regular
2.0,4,55.88,27.94,55.88,50.8,53.34,55.88,17.78,35.56,33.02,58.42,68.58,M,58.3,Regular
1.0,5,50.8,35.56,45.72,43.18,40.64,45.72,45.72,50.8,30.48,66.04,109.22,M,58.3,Regular
2.0,6,55.88,38.1,48.26,45.72,48.26,38.1,50.8,50.8,33.02,71.12,129.54,M,58.3,Regular
2.0,7,60.96,40.64,48.26,50.8,50.8,55.88,50.8,53.34,35.56,73.66,142.24,XXS,56.0,Slim
1.0,8,60.96,38.1,50.8,55.88,53.34,50.8,53.34,55.88,40.64,76.2,154.94,S,59.7,Regular
1.0,9,60.96,40.64,55.88,50.8,58.42,55.88,55.88,55.88,43.18,76.2,154.94,S,59.7,Regular
2.0,10,55.88,33.02,66.04,58.42,68.58,66.04,50.8,40.64,48.26,78.74,180.34,M,63.39,Regular
1.0,11,60.96,40.64,71.12,60.96,60.96,63.5,58.42,71.12,53.34,96.52,182.88,XXXL,77.97,Loose
2.0,12,63.5,38.1,43.18,63.5,60.96,66.04,55.88,66.04,50.8,93.98,180.34,M,63.39,Regular
2.0,13,63.5,40.64,68.58,63.5,60.96,71.12,60.96,66.04,50.8,96.52,185.42,XXXL,72.6,Loose
1.0,15,66.04,43.18,71.12,60.96,60.96,63.5,58.42,63.5,53.34,99.06,198.12,XXXL,95.28,Loose
1.0,17,71.12,45.72,73.66,71.12,68.58,71.12,63.5,68.58,60.96,101.6,200.66,XXXL,95.28,Loose
2.0,17,66.04,45.72,73.66,71.12,71.12,73.66,66.04,76.2,63.5,101.6,200.66,XXXL,95.28,Loose
1.0,18,66.04,48.26,71.12,71.12,68.58,71.12,73.66,73.66,68.58,104.14,203.2,XXXL,95.28,Loose
2.0,18,71.12,48.26,71.12,71.12,68.58,71.12,73.66,73.66,68.58,104.14,208.28,XXXL,95.28,Loose
1.0,20,73.66,48.26,71.12,66.04,71.12,71.12,73.66,71.12,71.12,101.6,208.28,XXXL,95.28,Loose
2.0,20,71.12,48.26,73.66,68.58,68.58,71.12,68.58,66.04,71.12,104.14,220.98,XXXL,95.28,Loose
1.0,21,66.04,43.18,96.52,68.58,71.12,68.58,68.58,66.04,63.5,101.6,215.9,XXXL,95.28,Loose
2.0,21,63.5,45.72,81.28,71.12,78.74,78.74,71.12,68.58,66.04,104.14,218.44,XXXL,95.28,Loose
1.0,21,66.04,50.8,78.74,76.2,81.28,66.04,73.66,71.12,73.66,106.68,226.06,XXXL,95.28,Loose
1.0,1,27.94,15.24,38.1,33.02,30.48,35.56,22.86,22.86,15.24,33.02,50.8,M,58.3,Regular
2.0,1,27.94,12.7,40.64,33.02,33.02,38.1,22.86,22.86,17.78,33.02,53.34,M,58.3,Regular
1.0,1,30.48,12.7,43.18,30.48,33.02,38.1,25.4,22.86,20.32,33.02,55.88,M,58.3,Regular
1.0,1,33.02,12.7,43.18,33.02,35.56,40.64,25.4,22.86,20.32,35.56,58.42,M,58.3,Regular
2.0,1,35.56,12.7,45.72,35.56,35.56,43.18,25.4,22.86,20.32,38.1,60.96,M,58.3,Regular
2.0,5,50.8,35.56,48.26,43.18,40.64,45.72,45.72,50.8,30.48,66.04,109.22,M,58.3,Regular
1.0,5,53.34,38.1,50.8,45.72,40.64,45.72,45.72,53.34,30.48,68.58,111.76,M,58.3,Regular
1.0,5,55.88,38.1,50.8,48.26,45.72,50.8,48.26,55.88,30.48,66.04,114.3,M,58.3,Regular
1.0,10,55.88,30.48,63.5,55.88,66.04,60.96,17.78,38.1,10.16,81.28,129.54,M,58.3,Regular
2.0,10,55.88,30.48,63.5,58.42,68.58,66.04,20.32,40.64,35.56,81.28,132.08,M,58.3,Regular
2.0,10,50.8,33.02,66.04,58.42,66.04,68.58,25.4,48.26,48.26,78.74,132.08,M,58.3,Regular
1.0,9,53.34,35.56,66.04,53.34,58.42,73.66,27.94,45.72,45.72,81.28,134.62,M,58.3,Regular
1.0,11,58.42,38.1,66.04,53.34,50.8,55.88,33.02,48.26,48.26,81.28,137.16,M,58.3,Regular
2.0,11,60.96,40.64,68.58,60.96,58.42,60.96,43.18,48.26,50.8,83.82,139.7,XXS,56.9,Slim
1.0,11,60.96,40.64,71.12,68.58,66.04,71.12,48.26,50.8,53.34,86.36,142.24,XXS,56.0,Slim
1.0,12,66.04,43.18,71.12,66.04,63.5,68.58,50.8,53.34,55.88,91.44,144.78,XXS,55.41,Slim
1.0,12,66.04,40.64,68.58,71.12,63.5,71.12,53.34,55.88,60.96,71.12,149.86,XXS,53.81,Slim
2.0,12,66.04,45.72,71.12,71.12,63.5,68.58,53.34,55.88,63.5,99.06,149.86,XXS,53.81,Slim
1.0,13,71.12,45.72,68.58,55.88,63.5,68.58,53.34,58.42,66.04,101.6,157.48,XXS,50.64,Slim
1.0,14,66.04,45.72,71.12,58.42,63.5,68.58,53.34,58.42,66.04,101.6,160.02,M,55.83,Regular
2.0,19,66.04,45.72,76.2,63.5,66.04,73.66,71.12,66.04,71.12,104.14,165.1,S,56.62,Regular
1.0,17,68.58,45.72,76.2,66.04,66.04,73.66,73.66,66.04,71.12,104.14,142.24,S,53.96,Regular
1.0,19,71.12,66.04,78.74,71.12,71.12,73.66,76.2,66.04,73.66,106.68,172.72,M,61.56,Regular
2.0,18,73.66,48.26,81.28,71.12,68.58,73.66,78.74,66.04,76.2,106.68,170.18,M,59.88,Regular
1.0,19,73.66,50.8,78.74,66.04,66.04,73.66,76.2,68.58,76.2,106.68,175.26,L,64.04,Loose
1.0,19,71.12,45.72,71.12,58.42,63.5,68.58,53.34,66.04,73.66,101.6,172.72,M,61.56,Regular
2.0,20,66.04,43.18,71.12,53.34,66.04,71.12,68.58,66.04,73.66,101.6,175.26,S,60.89,Regular
1.0,20,71.12,45.72,71.12,55.88,63.5,66.04,63.5,68.58,71.12,53.34,172.72,M,60.64,Regular
1.0,22,66.04,50.8,68.58,71.12,66.04,71.12,68.58,71.12,71.12,106.68,182.88,XXXL,62.84,Loose
1.0,2,45.72,22.86,20.32,48.26,45.72,50.8,22.86,25.4,20.32,35.56,78.74,M,58.3,Regular
2.0,2,48.26,22.86,22.86,50.8,48.26,53.34,50.8,27.94,22.86,40.64,88.9,M,58.3,Regular
1.0,3,27.94,20.32,27.94,48.26,30.48,27.94,40.64,25.4,22.86,45.72,81.28,M,58.3,Regular
2.0,4,45.72,20.32,25.4,17.78,40.64,25.4,50.8,30.48,25.4,50.8,88.9,M,58.3,Regular
2.0,4,50.8,25.4,25.4,50.8,50.8,50.8,33.02,33.02,27.94,55.88,96.52,M,58.3,Regular
1.0,4,48.26,25.4,25.4,50.8,50.8,50.8,33.02,33.02,25.4,27.94,96.52,M,58.3,Regular
2.0,4,50.8,27.94,27.94,55.88,55.88,55.88,40.64,30.48,30.48,55.88,99.06,M,58.3,Regular
1.0,4,50.8,27.94,25.4,50.8,50.8,53.34,45.72,25.4,30.48,48.26,93.98,M,58.3,Regular
1.0,4,50.8,27.94,27.94,55.88,55.88,55.88,40.64,30.48,30.48,55.88,99.06,M,58.3,Regular
1.0,5,50.8,25.4,22.86,55.88,58.42,60.96,35.56,38.1,27.94,55.88,106.68,M,58.3,Regular
1.0,6,53.34,22.86,22.86,50.8,50.8,50.8,35.56,27.94,22.86,43.18,93.98,M,58.3,Regular
2.0,6,53.34,25.4,15.24,48.26,50.8,48.26,30.48,48.26,22.86,43.18,96.52,M,58.3,Regular
2.0,6,50.8,22.86,25.4,55.88,53.34,50.8,30.48,45.72,30.48,45.72,99.06,M,58.3,Regular
1.0,8,45.72,45.72,22.86,48.26,30.48,22.86,35.56,27.94,33.02,53.34,106.68,M,58.3,Regular
2.0,11,48.26,33.02,27.94,50.8,55.88,27.94,45.72,35.56,22.86,81.28,127.0,M,58.3,Regular
1.0,12,53.34,27.94,22.86,50.8,55.88,25.4,43.18,48.26,48.26,81.28,127.0,M,58.3,Regular
2.0,15,55.88,43.18,38.1,93.98,96.52,106.68,48.26,55.88,45.72,88.9,149.86,XXS,53.81,Slim
1.0,18,50.8,48.26,43.18,111.76,106.68,116.84,71.12,48.26,66.04,93.98,167.64,S,58.64,Regular
1.0,14,55.88,35.56,40.64,86.36,50.8,96.52,60.96,48.26,48.26,88.9,162.56,M,50.21,Regular
2.0,20,53.34,45.72,48.26,86.36,93.98,99.06,55.88,43.18,38.1,83.82,149.86,S,50.53,Regular
1.0,29,58.42,53.34,48.26,106.68,96.52,111.76,71.12,55.88,45.72,93.98,167.64,M,62.28,Regular
1.0,37,55.88,43.18,35.56,83.82,83.82,93.98,63.5,60.96,58.42,104.14,172.72,XXXL,65.34,Loose
2.0,49,60.96,48.26,43.18,116.84,121.92,160.02,50.8,60.96,38.1,86.36,152.4,M,58.08,Regular
2.0,52,55.88,40.64,43.18,104.14,35.56,114.3,48.26,40.64,43.18,83.82,152.4,M,58.35,Regular
2.0,23,55.88,45.72,40.64,114.3,119.38,157.48,48.26,53.34,43.18,83.82,157.48,S,54.58,Regular
1.0,40,55.88,45.72,35.56,114.3,114.3,116.84,63.5,68.58,55.88,99.06,177.8,XXXL,71.88,Loose
1.0,51,58.42,48.26,38.1,93.98,91.44,99.06,60.96,55.88,50.8,91.44,165.1,XXXL,62.54,Loose
1.0,65,55.88,45.72,40.64,91.44,99.06,104.14,60.96,78.74,63.5,99.06,172.72,XXXL,65.55,Loose
1.0,62,60.96,53.34,50.8,119.38,114.3,111.76,58.42,76.2,58.42,96.52,170.18,XXXL,68.36,Loose
1.0,65,55.88,45.72,40.64,91.44,99.06,104.14,60.96,78.74,63.5,99.06,172.72,XXXL,65.55,Loose
1.0,46,55.88,53.34,45.72,114.3,109.22,114.3,55.88,81.28,58.42,91.44,162.56,M,59.99,Regular
1.0,65,58.42,43.18,40.64,101.6,99.06,101.6,63.5,76.2,60.96,93.98,162.56,XXXL,64.89,Loose
1.0,44,63.5,48.26,43.18,106.68,111.76,111.76,60.96,66.04,68.58,101.6,175.26,XXXL,69.49,Loose
1.0,40,55.88,45.72,35.56,114.3,114.3,116.84,63.5,68.58,55.88,99.06,177.8,XXXL,71.88,Loose
1.0,68,53.34,45.72,43.18,91.44,93.98,93.98,58.42,58.42,48.26,91.44,162.56,XL,60.3,Loose
1.0,44,58.42,48.26,43.18,109.22,111.76,114.3,60.96,78.74,60.96,91.44,170.18,XXXL,63.34,Loose
1.0,37,55.88,43.18,38.1,83.82,83.82,93.98,63.5,60.96,58.42,104.14,172.72,XXXL,65.34,Loose
1.0,51,58.42,48.26,38.1,93.98,91.44,99.06,60.96,55.88,50.8,91.44,165.1,XXXL,62.54,Loose
1.0,39,55.88,43.18,40.64,88.9,91.44,93.98,63.5,55.88,58.42,91.44,170.18,XXXL,65.35,Loose
1.0,51,55.88,45.72,48.26,81.28,88.9,99.06,55.88,68.58,60.96,96.52,172.72,XXXL,67.18,Loose
1.0,29,58.42,53.34,43.18,106.68,96.52,111.76,71.12,55.88,45.72,93.98,167.64,M,62.28,Regular
1.0,18,50.8,48.26,40.64,111.76,106.68,116.84,71.12,48.26,50.8,96.52,162.56,S,56.26,Regular
2.0,18,53.34,38.1,38.1,88.9,96.52,101.6,55.88,45.72,48.26,86.36,152.4,XXS,51.57,Slim
2.0,16,55.88,45.72,50.8,78.74,81.28,81.28,53.34,45.72,48.26,88.9,154.94,S,61.39,Regular
2.0,18,58.42,48.26,58.42,81.28,93.98,101.6,58.42,48.26,55.88,93.98,149.86,XXS,47.94,Slim
2.0,24,58.42,40.64,43.18,101.6,104.14,114.3,53.34,55.88,53.34,93.98,165.1,M,60.22,Regular
2.0,52,55.88,40.64,22.86,104.14,104.14,114.3,48.26,40.64,43.18,83.82,152.4,M,58.35,Regular
2.0,1,48.26,22.86,40.64,50.8,45.72,53.34,48.26,27.94,22.86,40.64,88.9,M,58.3,Regular
1.0,14,55.88,45.72,43.18,93.98,50.8,96.52,60.96,43.18,48.26,88.9,162.56,M,50.21,Regular
2.0,49,60.96,48.26,38.1,116.84,121.92,160.02,50.8,55.88,38.1,86.36,152.4,M,58.08,Regular
2.0,15,55.88,43.18,25.4,93.98,96.52,106.68,48.26,53.34,45.72,88.9,149.86,XXS,53.81,Slim
1.0,8,53.34,27.94,22.86,58.42,60.96,66.04,40.64,43.18,30.48,66.04,124.46,M,58.3,Regular
1.0,5,50.8,25.4,20.32,55.88,58.42,60.96,35.56,38.1,27.94,55.88,106.68,M,58.3,Regular
1.0,1,45.72,22.86,40.64,48.26,45.72,50.8,22.86,25.4,17.78,33.02,78.74,M,58.3,Regular
2.0,28,55.88,45.72,40.64,114.3,119.38,157.48,48.26,53.34,43.18,83.82,157.48,S,55.77,Regular
2.0,21,55.88,45.72,48.26,109.22,114.3,149.86,48.26,50.8,40.64,83.82,152.4,XXS,55.7,Slim
2.0,20,53.34,45.72,48.26,86.36,93.98,99.06,55.88,43.18,38.1,83.82,149.86,S,50.53,Regular
1.0,10,50.8,35.56,30.48,60.96,63.5,30.48,48.26,35.56,35.56,76.2,132.08,M,58.3,Regular
1.0,7,48.26,27.94,22.86,33.02,55.88,22.86,38.1,33.02,33.02,50.8,114.3,M,58.3,Regular
1.0,7,50.8,30.48,25.4,55.88,55.88,27.94,40.64,35.56,30.48,66.04,119.38,M,58.3,Regular
1.0,6,53.34,22.86,22.86,50.8,50.8,25.4,35.56,27.94,22.86,43.18,93.98,M,58.3,Regular
1.0,7,50.8,30.48,22.86,27.94,58.42,22.86,35.56,43.18,58.42,50.8,104.14,M,58.3,Regular
1.0,12,53.34,27.94,22.86,25.4,55.88,25.4,43.18,48.26,73.66,55.88,127.0,M,58.3,Regular
1.0,10,53.34,30.48,22.86,25.4,55.88,30.48,38.1,45.72,60.96,63.5,111.76,M,58.3,Regular
1.0,7,53.34,27.94,20.32,27.94,55.88,27.94,33.02,27.94,22.86,53.34,116.84,M,58.3,Regular
1.0,6,50.8,30.48,22.86,25.4,58.42,25.4,30.48,43.18,30.48,55.88,114.3,M,58.3,Regular
1.0,7,53.34,33.02,27.94,25.4,53.34,25.4,33.02,43.18,30.48,55.88,114.3,M,58.3,Regular
1.0,9,50.8,27.94,25.4,58.42,60.96,27.94,45.72,33.02,33.02,71.12,127.0,M,58.3,Regular
1.0,6,50.8,22.86,22.86,50.8,50.8,25.4,35.56,27.94,22.86,43.18,93.98,M,58.3,Regular
1.0,6,50.8,25.4,22.86,50.8,50.8,25.4,35.56,27.94,22.86,43.18,91.44,M,58.3,Regular
1.0,6,53.34,25.4,15.24,50.8,53.34,25.4,33.02,30.48,22.86,45.72,93.98,M,58.3,Regular
2.0,6,53.34,22.86,25.4,48.26,50.8,22.86,30.48,48.26,22.86,43.18,96.52,M,58.3,Regular
2.0,6,50.8,22.86,25.4,55.88,53.34,25.4,30.48,45.72,30.48,45.72,99.06,M,58.3,Regular
2.0,6,48.26,10.16,22.86,50.8,50.8,27.94,33.02,30.48,22.86,48.26,93.98,M,58.3,Regular
2.0,6,50.8,12.7,25.4,50.8,50.8,25.4,35.56,27.94,22.86,43.18,91.44,M,58.3,Regular
2.0,6,50.8,35.56,30.48,53.34,55.88,27.94,33.02,30.48,22.86,40.64,93.98,M,58.3,Regular
2.0,9,50.8,33.02,33.02,60.96,63.5,30.48,48.26,35.56,35.56,76.2,127.0,M,58.3,Regular
2.0,7,53.34,22.86,22.86,50.8,55.88,30.48,50.8,33.02,22.86,78.74,129.54,M,58.3,Regular
2.0,6,50.8,22.86,22.86,50.8,50.8,25.4,35.56,27.94,22.86,43.18,93.98,M,58.3,Regular
2.0,9,50.8,27.94,33.02,53.34,50.8,22.86,33.02,30.48,22.86,45.72,93.98,M,58.3,Regular
2.0,10,55.88,35.56,30.48,60.96,60.96,33.02,45.72,35.56,35.56,88.9,127.0,M,58.3,Regular
2.0,12,48.26,35.56,27.94,58.42,53.34,27.94,48.26,33.02,35.56,78.74,129.54,M,58.3,Regular
2.0,11,48.26,33.02,30.48,50.8,55.88,27.94,45.72,35.56,22.86,81.28,127.0,M,58.3,Regular
2.0,10,50.8,33.02,27.94,53.34,50.8,25.4,48.26,33.02,22.86,88.9,139.7,XXS,56.9,Slim
2.0,6,48.26,35.56,27.94,50.8,55.88,25.4,48.26,45.72,22.86,76.2,91.44,M,58.3,Regular
1.0,10,48.26,48.26,27.94,53.34,33.02,25.4,38.1,30.48,35.56,55.88,109.22,M,58.3,Regular
1.0,11,48.26,48.26,25.4,27.94,30.48,30.48,43.18,48.26,38.1,63.5,109.22,M,58.3,Regular
1.0,13,50.8,50.8,33.02,55.88,30.48,27.94,48.26,55.88,45.72,73.66,119.38,M,58.3,Regular
1.0,12,50.8,48.26,33.02,53.34,30.48,27.94,48.26,53.34,45.72,73.66,116.84,M,58.3,Regular
1.0,14,53.34,50.8,38.1,55.88,33.02,33.02,53.34,58.42,48.26,76.2,121.92,M,58.3,Regular
1.0,14,53.34,48.26,35.56,53.34,30.48,27.94,50.8,53.34,45.72,78.74,124.46,M,58.3,Regular
1.0,15,55.88,48.26,33.02,50.8,27.94,25.4,48.26,50.8,43.18,43.18,116.84,M,58.3,Regular
1.0,10,48.26,48.26,27.94,53.34,33.02,27.94,40.64,30.48,35.56,55.88,109.22,M,58.3,Regular
2.0,10,48.26,45.72,30.48,55.88,30.48,30.48,38.1,30.48,35.56,53.34,109.22,M,58.3,Regular
1.0,8,45.72,45.72,22.86,48.26,30.48,22.86,35.56,27.94,33.02,53.34,106.68,M,58.3,Regular
1.0,9,48.26,48.26,25.4,50.8,33.02,25.4,38.1,30.48,35.56,55.88,109.22,M,58.3,Regular
2.0,6,55.88,22.86,25.4,45.72,53.34,55.88,35.56,27.94,58.42,60.96,99.06,M,58.3,Regular
1.0,10,50.8,35.56,27.94,60.96,63.5,68.58,50.8,45.72,40.64,71.12,71.12,M,58.3,Regular
1.0,8,48.26,33.02,27.94,53.34,55.88,60.96,43.18,38.1,48.26,53.34,109.22,M,58.3,Regular
2.0,7,50.8,33.02,25.4,50.8,63.5,60.96,40.64,58.42,45.72,53.34,104.14,M,58.3,Regular
2.0,8,50.8,33.02,25.4,55.88,58.42,60.96,45.72,48.26,43.18,63.5,111.76,M,58.3,Regular
2.0,8,48.26,33.02,22.86,73.66,58.42,63.5,45.72,40.64,43.18,60.96,111.76,M,58.3,Regular
1.0,9,50.8,33.02,27.94,60.96,60.96,63.5,45.72,38.1,43.18,66.04,119.38,M,58.3,Regular
1.0,8,53.34,33.02,27.94,58.42,66.04,63.5,45.72,40.64,43.18,66.04,116.84,M,58.3,Regular
1.0,8,45.72,27.94,22.86,50.8,30.48,60.96,43.18,38.1,40.64,58.42,111.76,M,58.3,Regular
2.0,10,50.8,35.56,25.4,66.04,66.04,71.12,45.72,40.64,40.64,71.12,121.92,M,58.3,Regular
2.0,8,55.88,30.48,22.86,50.8,58.42,58.42,45.72,33.02,43.18,58.42,111.76,M,58.3,Regular
2.0,10,60.96,33.02,25.4,63.5,68.58,66.04,50.8,40.64,38.1,66.04,119.38,M,58.3,Regular
2.0,8,53.34,27.94,25.4,55.88,58.42,66.04,43.18,38.1,38.1,68.58,121.92,M,58.3,Regular
2.0,13,55.88,35.56,35.56,60.96,68.58,71.12,58.42,55.88,48.26,83.82,137.16,M,58.3,Regular
2.0,11,50.8,33.02,27.94,55.88,58.42,58.42,68.58,58.42,40.64,43.18,132.08,M,58.3,Regular
2.0,13,55.88,35.56,35.56,60.96,68.58,71.12,58.42,55.88,48.26,81.28,137.16,M,58.3,Regular
2.0,11,53.34,33.02,30.48,58.42,63.5,66.04,43.18,43.18,48.26,73.66,129.54,M,58.3,Regular
1.0,4,48.26,25.4,25.4,50.8,50.8,50.8,33.02,33.02,25.4,55.88,96.52,M,58.3,Regular
1.0,11,53.34,35.56,30.48,55.88,60.96,63.5,45.72,43.18,71.12,71.12,114.3,M,58.3,Regular
2.0,12,53.34,38.1,30.48,60.96,66.04,71.12,45.72,43.18,38.1,71.12,111.76,M,58.3,Regular
2.0,4,50.8,25.4,25.4,50.8,50.8,50.8,33.02,33.02,25.4,55.88,96.52,M,58.3,Regular
1.0,11,50.8,33.02,27.94,55.88,58.42,58.42,68.58,55.88,40.64,43.18,132.08,M,58.3,Regular
2.0,8,50.8,35.56,30.48,60.96,66.04,27.94,43.18,40.64,40.64,66.04,121.92,M,58.3,Regular
1.0,15,55.88,35.56,35.56,68.58,71.12,58.42,55.88,48.26,58.42,33.02,137.16,M,58.3,Regular
1.0,8,55.88,22.86,25.4,45.72,53.34,55.88,35.56,27.94,58.42,60.96,99.06,M,58.3,Regular
2.0,10,60.96,33.02,25.4,63.5,68.58,66.04,50.8,40.64,38.1,66.04,119.38,M,58.3,Regular
2.0,10,50.8,35.56,27.94,53.34,58.42,27.94,43.18,48.26,38.1,63.5,116.84,M,58.3,Regular
2.0,7,50.8,33.02,25.4,50.8,63.5,60.96,40.64,58.42,45.72,53.34,111.76,M,58.3,Regular
1.0,11,50.8,30.48,33.02,60.96,63.5,68.58,60.96,40.64,45.72,78.74,109.22,M,58.3,Regular
2.0,9,50.8,25.4,33.02,55.88,25.4,30.48,58.42,38.1,33.02,66.04,114.3,M,58.3,Regular
1.0,6,48.26,22.86,27.94,50.8,27.94,33.02,45.72,30.48,30.48,55.88,104.14,M,58.3,Regular
1.0,6,53.34,25.4,30.48,55.88,22.86,30.48,48.26,33.02,30.48,58.42,109.22,M,58.3,Regular
1.0,7,40.64,25.4,27.94,50.8,25.4,35.56,50.8,27.94,33.02,63.5,109.22,M,58.3,Regular
2.0,7,48.26,25.4,33.02,53.34,27.94,27.94,40.64,33.02,33.02,58.42,109.22,M,58.3,Regular
1.0,9,50.8,25.4,30.48,48.26,22.86,27.94,48.26,33.02,33.02,63.5,114.3,M,58.3,Regular
2.0,8,50.8,25.4,33.02,48.26,25.4,35.56,48.26,27.94,30.48,63.5,106.68,M,58.3,Regular
1.0,10,50.8,30.48,43.18,58.42,27.94,35.56,58.42,35.56,38.1,73.66,129.54,M,58.3,Regular
1.0,9,53.34,25.4,30.48,53.34,30.48,33.02,53.34,33.02,35.56,66.04,116.84,M,58.3,Regular
2.0,9,50.8,27.94,30.48,50.8,25.4,35.56,53.34,27.94,35.56,71.12,121.92,M,58.3,Regular
1.0,12,50.8,30.48,30.48,53.34,30.48,33.02,60.96,33.02,38.1,71.12,124.46,M,58.3,Regular
1.0,9,50.8,25.4,33.02,53.34,30.48,33.02,50.8,30.48,33.02,60.96,111.76,M,58.3,Regular
1.0,7,53.34,27.94,33.02,55.88,30.48,27.94,53.34,30.48,30.48,60.96,111.76,M,58.3,Regular
1.0,8,50.8,25.4,30.48,48.26,25.4,27.94,45.72,33.02,30.48,60.96,109.22,M,58.3,Regular
1.0,5,50.8,22.86,30.48,48.26,25.4,30.48,45.72,30.48,48.26,50.8,99.06,M,58.3,Regular
1.0,5,48.26,22.86,27.94,50.8,27.94,25.4,43.18,30.48,27.94,55.88,99.06,M,58.3,Regular
2.0,12,45.72,20.32,25.4,43.18,15.24,22.86,30.48,22.86,25.4,50.8,88.9,M,58.3,Regular
2.0,8,50.8,22.86,27.94,53.34,27.94,35.56,50.8,30.48,33.02,60.96,111.76,M,58.3,Regular
1.0,10,50.8,30.48,43.18,58.42,27.94,43.18,58.42,35.56,38.1,73.66,106.68,M,58.3,Regular
1.0,5,48.26,20.32,27.94,50.8,27.94,38.1,30.48,2.54,55.88,60.96,114.3,M,58.3,Regular
2.0,10,50.8,27.94,38.1,53.34,30.48,33.02,55.88,33.02,38.1,71.12,121.92,M,58.3,Regular
2.0,12,50.8,25.4,35.56,53.34,30.48,63.5,55.88,35.56,35.56,68.58,119.38,M,58.3,Regular
2.0,13,50.8,27.94,40.64,53.34,35.56,35.56,55.88,35.56,38.1,76.2,132.08,M,58.3,Regular
2.0,12,48.26,25.4,35.56,53.34,27.94,35.56,43.18,33.02,35.56,68.58,116.84,M,58.3,Regular
2.0,9,53.34,27.94,30.48,53.34,30.48,27.94,55.88,33.02,35.56,66.04,116.84,M,58.3,Regular
2.0,6,48.26,25.4,30.48,50.8,25.4,25.4,53.34,30.48,27.94,55.88,96.52,M,58.3,Regular
1.0,3,48.26,20.32,27.94,48.26,17.78,33.02,45.72,25.4,22.86,45.72,81.28,M,58.3,Regular
2.0,13,50.8,30.48,35.56,58.42,33.02,38.1,40.64,33.02,40.64,76.2,129.54,M,58.3,Regular
2.0,13,50.8,35.56,38.1,60.96,30.48,38.1,63.5,33.02,43.18,78.74,129.54,M,58.3,Regular
2.0,18,50.8,35.56,33.02,60.96,66.04,27.94,43.18,40.64,40.64,66.04,121.92,M,56.48,Regular
1.0,11,50.8,35.56,33.02,58.42,58.42,33.02,43.18,48.26,43.18,66.04,83.82,M,58.3,Regular
1.0,9,50.8,33.02,27.94,53.34,55.88,27.94,43.18,40.64,38.1,63.5,116.84,M,58.3,Regular
2.0,10,60.96,30.48,33.02,58.42,60.96,60.96,55.88,48.26,43.18,76.2,124.46,M,58.3,Regular
2.0,10,50.8,35.56,27.94,53.34,58.42,27.94,43.18,55.88,38.1,63.5,116.84,M,58.3,Regular
2.0,13,55.88,35.56,35.56,60.96,68.58,71.12,58.42,45.72,48.26,83.82,137.16,M,58.3,Regular
1.0,10,60.96,30.48,33.02,58.42,60.96,60.96,55.88,58.42,43.18,76.2,124.46,M,58.3,Regular
2.0,7,50.8,33.02,25.4,50.8,63.5,60.96,40.64,43.18,45.72,53.34,111.76,M,58.3,Regular
2.0,11,53.34,33.02,30.48,58.42,63.5,66.04,43.18,40.64,48.26,73.66,129.54,M,58.3,Regular
2.0,18,50.8,35.56,33.02,60.96,66.04,27.94,43.18,40.64,40.64,66.04,121.92,M,56.48,Regular
2.0,9,33.02,33.02,27.94,53.34,55.88,27.94,43.18,33.02,38.1,63.5,116.84,M,58.3,Regular
2.0,4,50.8,25.4,25.4,50.8,50.8,50.8,33.02,50.8,25.4,55.88,96.52,M,58.3,Regular
2.0,10,50.8,35.56,27.94,53.34,58.42,68.58,66.04,40.64,40.64,38.1,121.92,M,58.3,Regular
1.0,11,50.8,33.02,55.88,58.42,58.42,68.58,58.42,48.26,38.1,55.88,96.52,M,58.3,Regular
2.0,10,50.8,35.56,27.94,53.34,63.5,27.94,43.18,43.18,38.1,63.5,116.84,M,58.3,Regular
2.0,11,53.34,33.02,30.48,58.42,63.5,66.04,43.18,58.42,48.26,73.66,129.54,M,58.3,Regular
2.0,7,50.8,33.02,25.4,50.8,45.72,60.96,40.64,35.56,45.72,53.34,111.76,M,58.3,Regular
1.0,6,55.88,22.86,25.4,25.4,58.42,53.34,55.88,48.26,27.94,58.42,99.06,M,58.3,Regular
1.0,10,50.8,35.56,27.94,53.34,45.72,27.94,43.18,33.02,38.1,63.5,116.84,M,58.3,Regular
1.0,8,48.26,48.26,25.4,50.8,60.96,50.8,33.02,40.64,40.64,55.88,96.52,M,58.3,Regular
2.0,10,60.96,30.48,33.02,58.42,68.58,55.88,45.72,55.88,43.18,50.8,124.46,M,58.3,Regular
2.0,13,55.88,35.56,35.56,60.96,63.5,71.12,58.42,35.56,48.26,83.82,137.16,M,58.3,Regular
1.0,8,50.8,27.94,25.4,53.34,53.34,63.5,43.18,48.26,40.64,73.66,66.04,M,58.3,Regular
1.0,8,53.34,30.48,27.94,53.34,55.88,60.96,43.18,40.64,45.72,66.04,119.38,M,58.3,Regular
2.0,9,50.8,33.02,27.94,53.34,30.48,27.94,43.18,38.1,38.1,63.5,116.84,M,58.3,Regular
1.0,8,45.72,27.94,27.94,50.8,68.58,60.96,43.18,55.88,40.64,58.42,111.76,M,58.3,Regular
2.0,13,55.88,35.56,48.26,60.96,63.5,71.12,58.42,40.64,48.26,83.82,137.16,M,58.3,Regular
1.0,11,50.8,30.48,35.56,60.96,58.42,68.58,60.96,40.64,45.72,78.74,134.62,M,58.3,Regular
2.0,11,50.8,33.02,33.02,55.88,58.42,68.58,58.42,40.64,43.18,81.28,132.08,M,58.3,Regular
2.0,8,45.72,35.56,27.94,50.8,58.42,58.42,33.02,53.34,63.5,58.42,124.46,M,58.3,Regular
2.0,11,50.8,35.56,30.48,55.88,60.96,60.96,25.4,50.8,60.96,58.42,96.52,M,58.3,Regular
2.0,10,53.34,33.02,33.02,53.34,55.88,60.96,55.88,48.26,38.1,63.5,116.84,M,58.3,Regular
2.0,8,53.34,48.26,30.48,53.34,53.34,58.42,33.02,53.34,63.5,58.42,124.46,M,58.3,Regular
2.0,8,53.34,27.94,38.1,50.8,58.42,66.04,43.18,38.1,38.1,68.58,121.92,M,58.3,Regular
2.0,4,48.26,25.4,25.4,50.8,50.8,50.8,33.02,33.02,25.4,55.88,96.52,M,58.3,Regular
2.0,9,50.8,33.02,27.94,60.96,60.96,63.5,45.72,38.1,43.18,66.04,119.38,M,58.3,Regular
1.0,4,48.26,25.4,25.4,50.8,50.8,50.8,33.02,33.02,25.4,55.88,96.52,M,58.3,Regular
1.0,11,50.8,30.48,33.02,60.96,63.5,68.58,40.64,45.72,25.4,78.74,134.62,M,58.3,Regular
1.0,2,50.8,33.02,25.4,50.8,63.5,60.96,40.64,58.42,45.72,53.34,111.76,M,58.3,Regular
2.0,10,60.96,33.02,25.4,63.5,68.58,66.04,50.8,40.64,38.1,66.04,119.38,M,58.3,Regular
1.0,11,53.34,33.02,30.48,58.42,50.8,63.5,33.02,48.26,63.5,58.42,96.52,M,58.3,Regular
1.0,13,50.8,48.26,38.1,55.88,50.8,66.04,45.72,38.1,25.4,63.5,124.46,M,58.3,Regular
1.0,9,45.72,35.56,27.94,50.8,58.42,55.88,33.02,48.26,63.5,58.42,116.84,M,58.3,Regular
2.0,10,50.8,27.94,38.1,50.8,58.42,68.58,55.88,48.26,38.1,68.58,119.38,M,58.3,Regular
2.0,13,53.34,25.4,27.94,60.96,53.34,58.42,33.02,38.1,25.4,71.12,137.16,M,58.3,Regular
2.0,12,53.34,38.1,30.48,68.58,55.88,60.96,35.56,40.64,27.94,68.58,142.24,XXS,56.0,Slim
1.0,9,50.8,33.02,27.94,53.34,55.88,27.94,43.18,40.64,38.1,63.5,116.84,M,58.3,Regular
1.0,11,48.26,25.4,27.94,60.96,63.5,50.8,43.18,45.72,25.4,55.88,96.52,M,58.3,Regular
2.0,9,50.8,33.02,27.94,50.8,58.42,30.48,45.72,43.18,38.1,66.04,96.52,M,58.3,Regular
1.0,8,50.8,30.48,25.4,60.96,60.96,27.94,33.02,33.02,27.94,55.88,119.38,M,58.3,Regular
2.0,6,55.88,22.86,25.4,25.4,45.72,53.34,55.88,35.56,25.4,58.42,73.66,M,58.3,Regular
1.0,11,53.34,33.02,30.48,50.8,40.64,50.8,40.64,48.26,38.1,68.58,73.66,M,58.3,Regular
,9,50.8,33.02,27.94,53.34,60.96,27.94,55.88,35.56,38.1,63.5,111.76,M,58.3,Regular
2.0,12,53.34,38.1,30.48,60.96,66.04,71.12,45.72,43.18,60.96,71.12,119.38,M,58.3,Regular
2.0,11,53.34,33.02,33.02,53.34,55.88,38.1,53.34,63.5,63.5,68.58,137.16,M,58.3,Regular
1.0,8,55.88,22.86,25.4,45.72,53.34,55.88,48.26,66.04,38.1,68.58,111.76,M,58.3,Regular
2.0,7,50.8,33.02,25.4,50.8,63.5,60.96,40.64,58.42,40.64,53.34,111.76,M,58.3,Regular
1.0,8,45.72,27.94,22.86,50.8,30.48,60.96,43.18,38.1,40.64,58.42,111.76,M,58.3,Regular
1.0,6,53.34,15.24,48.26,48.26,58.42,58.42,50.8,35.56,43.18,50.8,93.98,M,58.3,Regular
1.0,5,53.34,12.7,22.86,45.72,53.34,53.34,48.26,30.48,33.02,58.42,104.14,M,58.3,Regular
2.0,4,50.8,27.94,27.94,55.88,55.88,55.88,40.64,30.48,30.48,55.88,99.06,M,58.3,Regular
2.0,5,50.8,30.48,25.4,50.8,53.34,58.42,45.72,40.64,35.56,48.26,76.2,M,58.3,Regular
2.0,6,50.8,27.94,25.4,53.34,53.34,50.8,50.8,33.02,33.02,55.88,81.28,M,58.3,Regular
1.0,6,53.34,27.94,27.94,55.88,55.88,53.34,48.26,33.02,30.48,53.34,81.28,M,58.3,Regular
2.0,7,53.34,27.94,27.94,50.8,55.88,58.42,45.72,30.48,27.94,55.88,76.2,M,58.3,Regular
2.0,6,50.8,33.02,27.94,53.34,55.88,60.96,38.1,35.56,30.48,60.96,111.76,M,58.3,Regular
1.0,4,50.8,27.94,25.4,50.8,50.8,53.34,45.72,25.4,30.48,48.26,93.98,M,58.3,Regular
2.0,12,53.34,35.56,35.56,66.04,73.66,78.74,43.18,78.74,43.18,83.82,139.7,XXS,56.9,Slim
2.0,5,48.26,27.94,27.94,55.88,55.88,55.88,38.1,38.1,30.48,60.96,111.76,M,58.3,Regular
2.0,13,58.42,35.56,30.48,60.96,50.8,78.74,53.34,43.18,45.72,86.36,144.78,XXS,55.41,Slim
2.0,14,53.34,35.56,33.02,58.42,60.96,66.04,53.34,30.48,45.72,83.82,144.78,XXS,55.41,Slim
1.0,11,53.34,33.02,27.94,53.34,60.96,63.5,48.26,25.4,35.56,127.0,132.08,M,58.3,Regular
2.0,12,53.34,30.48,27.94,60.96,50.8,71.12,50.8,25.4,40.64,33.02,134.62,M,58.3,Regular
2.0,9,50.8,30.48,27.94,53.34,60.96,63.5,43.18,40.64,40.64,68.58,121.92,M,58.3,Regular
2.0,5,53.34,25.4,25.4,53.34,55.88,60.96,30.48,27.94,30.48,58.42,81.28,M,58.3,Regular
2.0,12,60.96,35.56,27.94,58.42,63.5,71.12,55.88,45.72,38.1,86.36,147.32,XXS,50.75,Slim
1.0,7,50.8,30.48,27.94,55.88,60.96,66.04,40.64,33.02,35.56,66.04,116.84,M,58.3,Regular
1.0,6,50.8,30.48,27.94,55.88,60.96,60.96,40.64,38.1,35.56,68.58,114.3,M,58.3,Regular
2.0,13,58.42,38.1,30.48,60.96,68.58,76.2,68.58,53.34,50.8,93.98,149.86,XXS,53.81,Slim
2.0,11,50.8,30.48,27.94,58.42,60.96,66.04,43.18,38.1,35.56,73.66,124.46,M,58.3,Regular
2.0,11,50.8,30.48,27.94,55.88,63.5,68.58,48.26,38.1,43.18,83.82,129.54,M,58.3,Regular
1.0,4,50.8,27.94,27.94,55.88,55.88,55.88,40.64,30.48,30.48,55.88,99.06,M,58.3,Regular
2.0,11,53.34,33.02,35.56,58.42,55.88,27.94,30.48,53.34,43.18,55.88,99.06,M,58.3,Regular
2.0,13,58.42,30.48,27.94,55.88,53.34,66.04,50.8,40.64,43.18,33.02,134.62,M,58.3,Regular
2.0,15,12.7,33.02,58.42,55.88,27.94,40.64,40.64,35.56,45.72,127.0,132.08,M,58.3,Regular
2.0,13,58.42,38.1,30.48,60.96,68.58,76.2,30.48,38.1,10.16,73.66,124.46,M,58.3,Regular
2.0,11,50.8,30.48,27.94,55.88,63.5,73.66,48.26,45.72,30.48,60.96,111.76,M,58.3,Regular
2.0,9,50.8,25.4,30.48,53.34,50.8,33.02,50.8,35.56,35.56,60.96,114.3,M,58.3,Regular
2.0,8,40.64,27.94,33.02,50.8,53.34,35.56,48.26,30.48,35.56,60.96,111.76,M,58.3,Regular
2.0,9,50.8,30.48,33.02,48.26,33.02,35.56,53.34,30.48,38.1,66.04,116.84,M,58.3,Regular
2.0,9,50.8,27.94,33.02,55.88,30.48,35.56,55.88,33.02,35.56,66.04,121.92,M,58.3,Regular
2.0,8,48.26,25.4,30.48,50.8,30.48,30.48,50.8,33.02,33.02,60.96,114.3,M,58.3,Regular
1.0,4,48.26,25.4,30.48,53.34,27.94,27.94,43.18,27.94,27.94,53.34,96.52,M,58.3,Regular
1.0,4,50.8,22.86,27.94,48.26,25.4,25.4,45.72,33.02,25.4,45.72,96.52,M,58.3,Regular
1.0,4,50.8,22.86,33.02,48.26,25.4,27.94,48.26,27.94,27.94,53.34,93.98,M,58.3,Regular
2.0,3,48.26,22.86,25.4,45.72,25.4,27.94,40.64,25.4,27.94,50.8,91.44,M,58.3,Regular
2.0,3,50.8,25.4,25.4,45.72,22.86,27.94,40.64,27.94,25.4,45.72,96.52,M,58.3,Regular
2.0,3,48.26,25.4,27.94,48.26,22.86,27.94,43.18,27.94,27.94,50.8,96.52,M,58.3,Regular
2.0,3,48.26,25.4,30.48,50.8,25.4,27.94,43.18,27.94,27.94,53.34,99.06,M,58.3,Regular
1.0,3,50.8,20.32,27.94,50.8,22.86,25.4,38.1,25.4,25.4,43.18,91.44,M,58.3,Regular
2.0,4,50.8,22.86,25.4,48.26,25.4,25.4,43.18,30.48,30.48,55.88,96.52,M,58.3,Regular
2.0,4,50.8,22.86,30.48,48.26,22.86,27.94,43.18,30.48,27.94,53.34,93.98,M,58.3,Regular
2.0,13,53.34,27.94,35.56,58.42,33.02,38.1,60.96,38.1,48.26,73.66,137.16,M,58.3,Regular
2.0,14,53.34,35.56,38.1,63.5,30.48,40.64,68.58,35.56,40.64,76.2,134.62,M,58.3,Regular
2.0,16,55.88,33.02,38.1,60.96,30.48,35.56,68.58,40.64,48.26,86.36,137.16,M,61.78,Regular
2.0,15,50.8,33.02,38.1,60.96,33.02,33.02,60.96,38.1,40.64,60.96,137.16,M,58.3,Regular
1.0,17,53.34,33.02,40.64,68.58,35.56,43.18,66.04,38.1,48.26,86.36,139.7,S,55.14,Regular
2.0,10,55.88,27.94,35.56,53.34,25.4,27.94,55.88,33.02,35.56,68.58,111.76,M,58.3,Regular
2.0,15,53.34,33.02,35.56,60.96,33.02,35.56,63.5,35.56,40.64,81.28,134.62,M,58.3,Regular
2.0,17,53.34,33.02,35.56,60.96,33.02,35.56,63.5,35.56,43.18,83.82,134.62,M,57.28,Regular
2.0,16,53.34,33.02,38.1,66.04,33.02,40.64,63.5,40.64,40.64,76.2,132.08,M,61.78,Regular
2.0,18,50.8,33.02,45.72,63.5,38.1,43.18,73.66,53.34,53.34,96.52,147.32,S,41.44,Regular
2.0,19,48.26,33.02,53.34,73.66,40.64,45.72,73.66,48.26,48.26,88.9,147.32,XXS,39.65,Slim
1.0,6,50.8,27.94,30.48,50.8,22.86,33.02,53.34,33.02,27.94,58.42,111.76,M,58.3,Regular
1.0,6,45.72,27.94,33.02,48.26,22.86,30.48,50.8,30.48,30.48,58.42,111.76,M,58.3,Regular
1.0,7,50.8,27.94,35.56,55.88,25.4,33.02,53.34,33.02,30.48,63.5,111.76,M,58.3,Regular
1.0,5,48.26,25.4,25.4,53.34,50.8,22.86,33.02,33.02,27.94,53.34,99.06,M,58.3,Regular
1.0,7,53.34,35.56,30.48,55.88,58.42,33.02,45.72,40.64,38.1,60.96,121.92,M,58.3,Regular
1.0,6,50.8,27.94,25.4,55.88,55.88,30.48,43.18,35.56,38.1,58.42,109.22,M,58.3,Regular
2.0,6,48.26,25.4,27.94,53.34,27.94,25.4,38.1,27.94,38.1,53.34,101.6,M,58.3,Regular
1.0,6,50.8,27.94,30.48,53.34,27.94,30.48,40.64,33.02,35.56,55.88,109.22,M,58.3,Regular
2.0,8,50.8,33.02,27.94,58.42,33.02,33.02,43.18,38.1,38.1,58.42,111.76,M,58.3,Regular
2.0,6,50.8,27.94,25.4,50.8,27.94,25.4,40.64,33.02,35.56,53.34,104.14,M,58.3,Regular
2.0,6,53.34,27.94,25.4,55.88,30.48,27.94,40.64,35.56,38.1,60.96,111.76,M,58.3,Regular
2.0,7,53.34,35.56,30.48,58.42,33.02,30.48,43.18,38.1,40.64,68.58,121.92,M,58.3,Regular
2.0,6,50.8,33.02,30.48,53.34,33.02,30.48,43.18,35.56,33.02,53.34,121.92,M,58.3,Regular
2.0,7,50.8,30.48,33.02,55.88,33.02,30.48,45.72,38.1,38.1,60.96,121.92,M,58.3,Regular
2.0,6,50.8,27.94,30.48,50.8,27.94,27.94,38.1,30.48,38.1,53.34,101.6,M,58.3,Regular
1.0,7,53.34,25.4,33.02,53.34,30.48,30.48,40.64,33.02,40.64,60.96,114.3,M,58.3,Regular
2.0,6,53.34,27.94,27.94,48.26,30.48,27.94,33.02,33.02,30.48,50.8,96.52,M,58.3,Regular
2.0,7,50.8,27.94,30.48,58.42,33.02,33.02,40.64,35.56,35.56,55.88,109.22,M,58.3,Regular
2.0,7,53.34,30.48,30.48,50.8,30.48,30.48,43.18,33.02,38.1,53.34,114.3,M,58.3,Regular
1.0,7,50.8,25.4,33.02,58.42,30.48,33.02,43.18,33.02,40.64,58.42,114.3,M,58.3,Regular
1.0,6,50.8,27.94,27.94,50.8,33.02,27.94,38.1,33.02,33.02,50.8,99.06,M,58.3,Regular
2.0,5,50.8,30.48,30.48,50.8,30.48,27.94,38.1,33.02,33.02,48.26,99.06,M,58.3,Regular
2.0,5,48.26,27.94,30.48,58.42,33.02,30.48,38.1,33.02,35.56,55.88,101.6,M,58.3,Regular
1.0,5,50.8,25.4,27.94,53.34,27.94,27.94,38.1,30.48,30.48,50.8,99.06,M,58.3,Regular
1.0,6,53.34,30.48,27.94,50.8,30.48,27.94,38.1,30.48,35.56,55.88,104.14,M,58.3,Regular
1.0,7,53.34,35.56,33.02,58.42,33.02,30.48,45.72,35.56,38.1,63.5,119.38,M,58.3,Regular
1.0,11,50.8,27.94,30.48,58.42,33.02,30.48,48.26,43.18,43.18,66.04,127.0,M,58.3,Regular
1.0,5,50.8,30.48,25.4,53.34,27.94,27.94,35.56,33.02,27.94,48.26,96.52,M,58.3,Regular
1.0,4,50.8,30.48,33.02,58.42,33.02,30.48,35.56,33.02,30.48,48.26,96.52,M,58.3,Regular
1.0,5,50.8,27.94,25.4,25.4,27.94,25.4,33.02,25.4,33.02,55.88,104.14,M,58.3,Regular
2.0,6,50.8,27.94,27.94,50.8,27.94,27.94,35.56,35.56,33.02,58.42,101.6,M,58.3,Regular
2.0,7,53.34,27.94,30.48,55.88,33.02,27.94,40.64,35.56,35.56,63.5,111.76,M,58.3,Regular
2.0,8,58.42,33.02,25.4,58.42,27.94,33.02,43.18,35.56,40.64,68.58,124.46,M,58.3,Regular
2.0,10,55.88,30.48,33.02,60.96,30.48,38.1,43.18,35.56,40.64,66.04,129.54,M,58.3,Regular
2.0,10,55.88,27.94,30.48,55.88,27.94,35.56,40.64,38.1,35.56,58.42,121.92,M,58.3,Regular
2.0,10,55.88,30.48,33.02,58.42,27.94,35.56,40.64,45.72,35.56,60.96,119.38,M,58.3,Regular
2.0,11,55.88,35.56,33.02,60.96,30.48,35.56,48.26,45.72,35.56,63.5,132.08,M,58.3,Regular
2.0,11,50.8,27.94,33.02,60.96,30.48,30.48,43.18,38.1,35.56,68.58,124.46,M,58.3,Regular
2.0,13,55.88,30.48,30.48,60.96,30.48,35.56,48.26,38.1,40.64,76.2,139.7,XXS,56.9,Slim
2.0,11,53.34,33.02,33.02,60.96,25.4,35.56,45.72,40.64,27.94,68.58,132.08,M,58.3,Regular
2.0,12,55.88,33.02,35.56,66.04,30.48,43.18,50.8,45.72,35.56,73.66,134.62,M,58.3,Regular
2.0,11,55.88,30.48,30.48,53.34,25.4,30.48,45.72,43.18,33.02,66.04,124.46,M,58.3,Regular
1.0,13,50.8,38.1,33.02,58.42,33.02,40.64,43.18,40.64,35.56,71.12,124.46,M,58.3,Regular
1.0,12,53.34,33.02,33.02,58.42,30.48,35.56,43.18,35.56,38.1,68.58,132.08,M,58.3,Regular
1.0,10,53.34,35.56,30.48,58.42,30.48,30.48,45.72,38.1,38.1,63.5,124.46,M,58.3,Regular
1.0,13,53.34,35.56,35.56,58.42,35.56,33.02,50.8,43.18,43.18,78.74,137.16,M,58.3,Regular
1.0,12,53.34,38.1,30.48,58.42,30.48,33.02,50.8,48.26,35.56,76.2,132.08,M,58.3,Regular
1.0,11,50.8,30.48,30.48,58.42,25.4,27.94,48.26,38.1,38.1,66.04,121.92,M,58.3,Regular
1.0,9,55.88,35.56,30.48,60.96,33.02,30.48,45.72,38.1,40.64,68.58,121.92,M,58.3,Regular
1.0,10,53.34,35.56,27.94,60.96,25.4,43.18,45.72,43.18,33.02,66.04,137.16,M,58.3,Regular
1.0,7,50.8,25.4,22.86,55.88,22.86,33.02,33.02,30.48,33.02,58.42,111.76,M,58.3,Regular
2.0,8,53.34,27.94,27.94,53.34,25.4,33.02,38.1,33.02,27.94,60.96,114.3,M,58.3,Regular
2.0,10,53.34,25.4,33.02,60.96,25.4,43.18,45.72,27.94,35.56,73.66,127.0,M,58.3,Regular
1.0,13,53.34,38.1,27.94,55.88,25.4,40.64,48.26,33.02,38.1,76.2,139.7,XXS,56.9,Slim
1.0,12,53.34,33.02,30.48,60.96,27.94,38.1,43.18,35.56,38.1,76.2,144.78,XXS,55.41,Slim
2.0,10,53.34,33.02,27.94,53.34,27.94,35.56,38.1,30.48,27.94,71.12,132.08,M,58.3,Regular
2.0,7,53.34,27.94,22.86,50.8,22.86,25.4,33.02,25.4,22.86,60.96,111.76,M,58.3,Regular
1.0,5,50.8,25.4,22.86,50.8,20.32,25.4,33.02,27.94,22.86,50.8,99.06,M,58.3,Regular
1.0,5,50.8,25.4,22.86,50.8,20.32,25.4,33.02,27.94,25.4,50.8,99.06,M,58.3,Regular
2.0,4,48.26,27.94,22.86,50.8,20.32,33.02,27.94,25.4,25.4,48.26,93.98,M,58.3,Regular
2.0,8,53.34,33.02,33.02,58.42,33.02,33.02,25.4,30.48,33.02,63.5,114.3,M,58.3,Regular
2.0,8,50.8,35.56,30.48,55.88,27.94,25.4,25.4,30.48,35.56,58.42,109.22,M,58.3,Regular
2.0,10,53.34,33.02,33.02,58.42,30.48,27.94,50.8,33.02,38.1,60.96,111.76,M,58.3,Regular
2.0,8,50.8,30.48,27.94,55.88,27.94,25.4,45.72,30.48,35.56,58.42,109.22,M,58.3,Regular
2.0,8,53.34,33.02,27.94,55.88,27.94,27.94,40.64,30.48,35.56,58.42,109.22,M,58.3,Regular
2.0,7,50.8,27.94,27.94,50.8,25.4,25.4,35.56,25.4,27.94,53.34,101.6,M,58.3,Regular
2.0,7,50.8,33.02,27.94,58.42,27.94,27.94,40.64,30.48,35.56,58.42,114.3,M,58.3,Regular
2.0,9,50.8,35.56,33.02,60.96,30.48,30.48,43.18,35.56,33.02,58.42,114.3,M,58.3,Regular
2.0,11,53.34,27.94,33.02,53.34,25.4,25.4,43.18,30.48,38.1,63.5,124.46,M,58.3,Regular
2.0,10,50.8,33.02,30.48,53.34,30.48,30.48,40.64,33.02,33.02,60.96,116.84,M,58.3,Regular
2.0,11,55.88,27.94,35.56,58.42,30.48,30.48,45.72,43.18,30.48,66.04,124.46,M,58.3,Regular
2.0,13,53.34,30.48,33.02,60.96,30.48,27.94,45.72,40.64,40.64,68.58,127.0,M,58.3,Regular
1.0,12,50.8,27.94,30.48,58.42,27.94,30.48,45.72,38.1,35.56,63.5,127.0,M,58.3,Regular
1.0,12,48.26,33.02,30.48,58.42,30.48,30.48,45.72,38.1,40.64,66.04,129.54,M,58.3,Regular
1.0,12,53.34,35.56,33.02,55.88,30.48,30.48,43.18,40.64,35.56,68.58,127.0,M,58.3,Regular
1.0,12,48.26,25.4,35.56,58.42,30.48,30.48,45.72,43.18,33.02,63.5,129.54,M,58.3,Regular
1.0,11,50.8,27.94,30.48,58.42,27.94,27.94,43.18,38.1,33.02,73.66,119.38,M,58.3,Regular
1.0,14,50.8,27.94,33.02,60.96,25.4,27.94,45.72,40.64,30.48,50.8,124.46,M,58.3,Regular
1.0,8,48.26,27.94,27.94,55.88,22.86,27.94,38.1,33.02,40.64,43.18,111.76,M,58.3,Regular
1.0,5,50.8,25.4,27.94,55.88,20.32,20.32,33.02,45.72,33.02,48.26,91.44,M,58.3,Regular
2.0,7,53.34,25.4,20.32,50.8,27.94,25.4,35.56,25.4,25.4,58.42,101.6,M,58.3,Regular
2.0,7,53.34,35.56,30.48,53.34,33.02,30.48,38.1,27.94,27.94,68.58,109.22,M,58.3,Regular
2.0,7,53.34,35.56,30.48,58.42,33.02,30.48,43.18,38.1,35.56,66.04,121.92,M,58.3,Regular
1.0,11,50.8,30.48,33.02,58.42,33.02,27.94,48.26,43.18,40.64,63.5,127.0,M,58.3,Regular
1.0,7,53.34,27.94,30.48,58.42,27.94,30.48,45.72,35.56,43.18,53.34,119.38,M,58.3,Regular
2.0,6,50.8,27.94,30.48,50.8,30.48,27.94,38.1,30.48,38.1,50.8,101.6,M,58.3,Regular
1.0,7,48.26,25.4,33.02,53.34,30.48,30.48,40.64,33.02,35.56,63.5,96.52,M,58.3,Regular
1.0,8,55.88,25.4,27.94,50.8,50.8,30.48,43.18,35.56,30.48,53.34,119.38,M,58.3,Regular
1.0,5,48.26,25.4,25.4,53.34,30.48,22.86,33.02,33.02,27.94,53.34,99.06,M,58.3,Regular
1.0,8,50.8,30.48,27.94,58.42,33.02,33.02,43.18,38.1,33.02,53.34,104.14,M,58.3,Regular
2.0,6,50.8,33.02,27.94,53.34,55.88,60.96,38.1,35.56,30.48,60.96,111.76,M,58.3,Regular
2.0,4,50.8,27.94,27.94,55.88,55.88,55.88,40.64,30.48,30.48,55.88,99.06,M,58.3,Regular
1.0,12,50.8,33.02,30.48,58.42,66.04,68.58,48.26,40.64,50.8,63.5,124.46,M,58.3,Regular
1.0,15,50.8,43.18,38.1,58.42,43.18,60.96,60.96,50.8,48.26,58.42,144.78,XXS,55.41,Slim
1.0,13,50.8,30.48,38.1,55.88,60.96,63.5,43.18,43.18,50.8,81.28,127.0,M,58.3,Regular
1.0,12,53.34,35.56,30.48,66.04,27.94,35.56,50.8,43.18,35.56,73.66,127.0,M,58.3,Regular
1.0,11,50.8,33.02,27.94,55.88,30.48,35.56,45.72,48.26,33.02,63.5,124.46,M,58.3,Regular
1.0,13,48.26,40.64,35.56,55.88,33.02,71.12,45.72,53.34,30.48,86.36,132.08,M,58.3,Regular
2.0,7,50.8,30.48,27.94,58.42,58.42,58.42,50.8,43.18,38.1,60.96,109.22,M,58.3,Regular
2.0,5,50.8,27.94,25.4,53.34,53.34,58.42,48.26,33.02,33.02,53.34,99.06,M,58.3,Regular
2.0,7,50.8,27.94,22.86,48.26,53.34,53.34,48.26,33.02,33.02,53.34,99.06,M,58.3,Regular
1.0,5,53.34,30.48,22.86,25.4,53.34,53.34,48.26,33.02,33.02,58.42,104.14,M,58.3,Regular
2.0,7,53.34,27.94,27.94,50.8,55.88,53.34,48.26,30.48,30.48,53.34,78.74,M,58.3,Regular
2.0,6,50.8,27.94,25.4,53.34,53.34,50.8,50.8,38.1,33.02,55.88,81.28,M,58.3,Regular
2.0,7,50.8,27.94,25.4,50.8,53.34,50.8,45.72,43.18,38.1,38.1,78.74,M,58.3,Regular
2.0,5,53.34,30.48,30.48,53.34,53.34,66.04,53.34,33.02,50.8,50.8,101.6,M,58.3,Regular
2.0,5,50.8,27.94,27.94,53.34,53.34,58.42,50.8,30.48,50.8,53.34,86.36,M,58.3,Regular
2.0,6,53.34,33.02,27.94,50.8,55.88,60.96,43.18,30.48,53.34,55.88,99.06,M,58.3,Regular
1.0,17,53.34,27.94,35.56,66.04,63.5,45.72,53.34,48.26,48.26,86.36,149.86,XXS,49.37,Slim
2.0,5,53.34,38.1,27.94,55.88,58.42,58.42,43.18,38.1,33.02,55.88,109.22,M,58.3,Regular
1.0,13,53.34,20.32,30.48,55.88,35.56,73.66,68.58,55.88,40.64,63.5,58.42,M,58.3,Regular
2.0,2,45.72,38.1,20.32,50.8,48.26,50.8,35.56,33.02,27.94,45.72,81.28,M,58.3,Regular
1.0,10,50.8,30.48,30.48,55.88,35.56,73.66,68.58,55.88,40.64,63.5,58.42,M,58.3,Regular
2.0,10,53.34,30.48,30.48,55.88,60.96,66.04,53.34,38.1,35.56,63.5,114.3,M,58.3,Regular
2.0,13,55.88,15.24,35.56,63.5,45.72,76.2,53.34,50.8,40.64,83.82,149.86,XXS,53.81,Slim
1.0,10,53.34,27.94,30.48,55.88,5.08,66.04,53.34,38.1,35.56,63.5,114.3,M,58.3,Regular
1.0,4,50.8,43.18,27.94,55.88,55.88,55.88,43.18,30.48,30.48,55.88,101.6,M,58.3,Regular
1.0,13,50.8,38.1,35.56,63.5,45.72,76.2,53.34,50.8,40.64,83.82,149.86,XXS,53.81,Slim
2.0,4,50.8,38.1,25.4,50.8,50.8,53.34,45.72,25.4,30.48,48.26,93.98,M,58.3,Regular
